Year (year),State Name (state_name),District Name (district_name),Block Name (block_name),Gram Panchayat Name (gp_name),Number of applied job cards (applied_jobcards),Number of issued job cards (issued_jobcards),Number of registered workers from Scheduled Castes (registered_workers_scs),Number of registered workers from Scheduled Tribes (registered_workers_sts),Number of registered workers from other categories (registered_workers_others),Total number of registered workers (total_registered_workers),Number of registered female workers (registered_workers_women),Number of active job cards (active_jobcards),Number of active workers from Scheduled Castes (active_workers_scs),Number of active workers from Scheduled Tribes (active_workers_sts),Number of active workers from other categories (active_workers_others),Total number of active workers (total_active_workers),Number of active female workers (active_workers_women)
"2019-2020","Odisha","Kendujhar","Anandapur","Galaymunda","1916.0","1916.0","34.0","1218.0","691.0","1943.0","912.0","1013.0","19.0","795.0","466.0","1280.0","576.0"
"2022-2023","Punjab","Jalandhar","Bhogpur","Kotla","94.0","94.0","134.0","0.0","8.0","142.0","74.0","62.0","71.0","0.0","3.0","74.0","42.0"
"2020-2021","Andhra Pradesh","Anantapur","Kudair","Jallipalli","693.0","693.0","117.0","17.0","807.0","941.0","459.0","373.0","90.0","11.0","576.0","677.0","326.0"
"2014-2015","Kerala","Palakkad","Kuzhalmannam","Kuzhalmannam","2586.0","2586.0","1774.0","0.0","2993.0","4767.0","3886.0","2070.0","1019.0","0.0","1690.0","2709.0","2472.0"
"2015-2016","Assam","Dhubri","Nayeralga","Dubachuri","1765.0","1678.0","0.0","0.0","7043.0","7043.0","3046.0","729.0","0.0","0.0","3966.0","3966.0","1824.0"
"2022-2023","Uttar Pradesh","Kaushambi","Sirathu","Madhawa Maie","240.0","235.0","142.0","0.0","363.0","505.0","228.0","156.0","87.0","0.0","215.0","302.0","128.0"
"2021-2022","Tamil Nadu","Perambalur","Veppur","Aduthurai","462.0","462.0","19.0","0.0","529.0","548.0","454.0","404.0","14.0","0.0","432.0","446.0","393.0"
"2016-2017","Uttar Pradesh","Azamgarh","Mahrajganj","Mureelpur","147.0","146.0","120.0","0.0","189.0","309.0","148.0","94.0","100.0","0.0","159.0","259.0","130.0"
"2023-2024","Jammu And Kashmir","Shopian","Imamsahib","Sugoo","361.0","361.0","0.0","1.0","402.0","403.0","32.0","313.0","0.0","1.0","333.0","334.0","25.0"
"2019-2020","Uttarakhand","Rudra Prayag","Augustyamuni","Paboo","94.0","94.0","27.0","0.0","130.0","157.0","96.0","86.0","22.0","0.0","112.0","134.0","85.0"
"2015-2016","Bihar","Gaya","Tekari","Amakuwan","1884.0","1826.0","1473.0","1.0","1579.0","3053.0","1273.0","559.0","274.0","0.0","393.0","667.0","348.0"
"2014-2015","Bihar","Darbhanga","Darbhanga","Chhotapatti","1493.0","1402.0","1110.0","0.0","2296.0","3406.0","1631.0","252.0","256.0","0.0","962.0","1218.0","696.0"
"2020-2021","Telangana","Mahabubnagar","Nawabpet","Deepalle","210.0","210.0","106.0","1.0","283.0","390.0","194.0","125.0","45.0","0.0","102.0","147.0","88.0"
"2016-2017","Uttar Pradesh","Kashganj","Soron","Basant Nagar","261.0","255.0","120.0","0.0","602.0","722.0","237.0","125.0","83.0","0.0","399.0","482.0","163.0"
"2015-2016","Nagaland","Tuensang","Noksen","Yokumsang","75.0","75.0","0.0","153.0","0.0","153.0","70.0","75.0","0.0","103.0","0.0","103.0","44.0"
"2023-2024","Chhattisgarh","Bemetara","Bemetara","Umariya","388.0","382.0","12.0","6.0","738.0","756.0","359.0","333.0","5.0","6.0","506.0","517.0","252.0"
"2019-2020","Andhra Pradesh","Prakasam","Santhamaguluru","Puttavaripalem","348.0","348.0","31.0","10.0","619.0","660.0","353.0","262.0","19.0","6.0","555.0","580.0","312.0"
"2019-2020","Maharashtra","Yavatmal","Ralegaon","Savarkheda","239.0","232.0","0.0","48.0","702.0","750.0","300.0","109.0","0.0","12.0","200.0","212.0","67.0"
"2016-2017","Madhya Pradesh","Tikamgarh","Baldeogarh","Sujanpura Khas","317.0","316.0","145.0","69.0","576.0","790.0","335.0","182.0","129.0","40.0","486.0","655.0","273.0"
"2016-2017","Andhra Pradesh","Srikakulam","Ichchapuram","Tulasigam","754.0","754.0","18.0","1.0","861.0","880.0","820.0","579.0","16.0","1.0","761.0","778.0","741.0"
"2015-2016","Meghalaya","East Khasi Hills","Mawphlang","Krang Nongrum Centre","88.0","88.0","0.0","0.0","0.0","0.0","0.0","0.0","0.0","0.0","0.0","0.0","0.0"
"2020-2021","Telangana","Nalgonda","Devarakonda","Kacharam","181.0","181.0","130.0","22.0","259.0","411.0","220.0","166.0","83.0","15.0","192.0","290.0","173.0"
"2019-2020","Odisha","Mayurbhanj","Jamda","Talagaon","1461.0","1431.0","279.0","1014.0","431.0","1724.0","872.0","1015.0","201.0","717.0","282.0","1200.0","597.0"
"2021-2022","Telangana","Nagarkurnool","Pentlavelli","Manchalakatta","253.0","253.0","70.0","0.0","361.0","431.0","214.0","208.0","55.0","0.0","271.0","326.0","165.0"
"2018-2019","Uttar Pradesh","Ayodhya","Masodha","Sofiya Para","316.0","316.0","125.0","0.0","76.0","201.0","85.0","97.0","71.0","0.0","42.0","113.0","61.0"
"2022-2023","Gujarat","Amreli","Babra                                             ","Pir Khijadiya","101.0","92.0","6.0","0.0","240.0","246.0","115.0","78.0","3.0","0.0","182.0","185.0","89.0"
"2015-2016","Uttar Pradesh","Kheri","Nakaha","Siraicha","571.0","568.0","187.0","0.0","457.0","644.0","167.0","214.0","137.0","0.0","283.0","420.0","90.0"
"2023-2024","Madhya Pradesh","Dhar","Sardarpur","Tandakheda","480.0","469.0","13.0","857.0","170.0","1040.0","508.0","443.0","12.0","751.0","145.0","908.0","451.0"
"2018-2019","Maharashtra","Sangli","Shirala","Daswadi","48.0","44.0","0.0","0.0","122.0","122.0","62.0","4.0","0.0","0.0","10.0","10.0","3.0"
"2014-2015","Chhattisgarh","Kondagaon","Keshkal","Bedma","294.0","294.0","58.0","582.0","128.0","768.0","398.0","199.0","50.0","466.0","95.0","611.0","327.0"
"2021-2022","Madhya Pradesh","Narmadapuram","Hoshangabad","Gurra","101.0","101.0","13.0","12.0","117.0","142.0","36.0","40.0","5.0","7.0","64.0","76.0","28.0"
"2021-2022","Uttar Pradesh","Amroha","Hasanpur","Allipur Khadar","445.0","420.0","205.0","15.0","869.0","1089.0","343.0","311.0","161.0","10.0","717.0","888.0","253.0"
"2023-2024","Uttar Pradesh","Sitapur","Parsendi","Sonari","468.0","468.0","408.0","36.0","276.0","720.0","176.0","301.0","231.0","21.0","144.0","396.0","101.0"
"2015-2016","Uttar Pradesh","Varanasi","Harahua","Lamhi","91.0","89.0","10.0","0.0","93.0","103.0","42.0","41.0","0.0","0.0","5.0","5.0","2.0"
"2022-2023","Himachal Pradesh","Shimla","Rohru","Shekhal","444.0","429.0","367.0","0.0","444.0","811.0","345.0","286.0","258.0","0.0","244.0","502.0","236.0"
"2017-2018","Punjab","Nawanshahr ","Balachaur","Garle Dhaha","65.0","65.0","97.0","0.0","21.0","118.0","61.0","33.0","66.0","0.0","7.0","73.0","48.0"
"2022-2023","Gujarat","Amreli","Khambha                                           ","Talda","114.0","114.0","81.0","0.0","263.0","344.0","169.0","32.0","0.0","0.0","77.0","77.0","28.0"
"2021-2022","Madhya Pradesh","Ujjain","Ghatiya","Chhitardevi","105.0","105.0","100.0","17.0","95.0","212.0","86.0","90.0","84.0","10.0","78.0","172.0","68.0"
"2016-2017","Tamil Nadu","Vellore","Pernambet","Balur","560.0","555.0","588.0","0.0","504.0","1092.0","592.0","230.0","82.0","0.0","116.0","198.0","174.0"
"2022-2023","Jammu And Kashmir","Doda","Marmat","Prable","458.0","457.0","219.0","4.0","1568.0","1791.0","851.0","448.0","205.0","4.0","1519.0","1728.0","822.0"
"2023-2024","Madhya Pradesh","Sehore","Ashta","Sendhokhedi","144.0","144.0","122.0","42.0","413.0","577.0","237.0","106.0","80.0","15.0","187.0","282.0","99.0"
"2017-2018","Ladakh","Kargil","Kargil","Badgam","0.0","0.0","0.0","266.0","0.0","266.0","207.0","0.0","0.0","224.0","0.0","224.0","168.0"
"2019-2020","Uttar Pradesh","Kaushambi","Manjhanpur","Tensaha Alambad","956.0","905.0","661.0","4.0","1259.0","1924.0","829.0","450.0","267.0","0.0","423.0","690.0","308.0"
"2016-2017","Uttar Pradesh","Sitapur","Misrikh","Dhalliya","347.0","346.0","601.0","0.0","799.0","1400.0","406.0","190.0","83.0","0.0","279.0","362.0","117.0"
"2022-2023","Andhra Pradesh","Nellore","Kodavalur","Ramannapalem","257.0","257.0","208.0","28.0","139.0","375.0","195.0","175.0","144.0","9.0","84.0","237.0","123.0"
"2017-2018","Madhya Pradesh","Dhar","Gandhwani","Khedli Hanuman","304.0","302.0","0.0","548.0","3.0","551.0","136.0","248.0","0.0","400.0","3.0","403.0","117.0"
"2020-2021","Uttar Pradesh","Gonda","Pandri Kripal","Sonbarsa","811.0","630.0","148.0","0.0","494.0","642.0","233.0","354.0","64.0","0.0","143.0","207.0","85.0"
"2020-2021","Uttar Pradesh","Rae Bareli","Salon","Daraswan","494.0","442.0","322.0","0.0","423.0","745.0","321.0","185.0","161.0","0.0","155.0","316.0","153.0"
"2015-2016","Andhra Pradesh","West Godavari","T Narasapuram","Tirumaladevipeta","1904.0","1904.0","1194.0","170.0","1544.0","2908.0","1478.0","893.0","1013.0","133.0","1165.0","2311.0","1212.0"
"2023-2024","Uttar Pradesh","Kushi Nagar","Hata","Naika Chhapara","359.0","359.0","212.0","1.0","225.0","438.0","68.0","98.0","57.0","1.0","46.0","104.0","20.0"
"2023-2024","Chhattisgarh","Kawardha","Kawardha","Bamhani","529.0","529.0","237.0","43.0","1120.0","1400.0","661.0","518.0","230.0","42.0","1070.0","1342.0","636.0"
"2021-2022","Uttar Pradesh","Shahjahanpur","Mirzapur","Paharpur Pipariya","427.0","427.0","26.0","0.0","422.0","448.0","141.0","236.0","20.0","0.0","320.0","340.0","102.0"
"2023-2024","Punjab","Tarn Taran","Patti-14","Tung","156.0","156.0","176.0","0.0","60.0","236.0","87.0","47.0","45.0","0.0","5.0","50.0","25.0"
"2020-2021","Uttar Pradesh","Lucknow","Gosaiganj","Kasimpur","355.0","353.0","281.0","0.0","102.0","383.0","134.0","141.0","157.0","0.0","55.0","212.0","83.0"
"2022-2023","Uttar Pradesh","Bijnor","Jalilpur","Asalatpur Urf Tohfapur","144.0","140.0","32.0","0.0","152.0","184.0","56.0","107.0","30.0","0.0","88.0","118.0","34.0"
"2018-2019","Uttar Pradesh","Azamgarh","Azmatgarh","Allipur","332.0","324.0","73.0","0.0","255.0","328.0","118.0","162.0","49.0","0.0","215.0","264.0","96.0"
"2020-2021","Chhattisgarh","Mahasamund","Bagbahara","Komakhan","412.0","309.0","62.0","81.0","735.0","878.0","423.0","215.0","22.0","33.0","199.0","254.0","133.0"
"2020-2021","Jharkhand","East Singhbum","Patamda","Lava","1456.0","1455.0","37.0","1930.0","927.0","2894.0","1384.0","720.0","12.0","543.0","381.0","936.0","456.0"
"2020-2021","Manipur","Kangpokpi","Saikul","Haibung","25.0","25.0","0.0","57.0","0.0","57.0","28.0","25.0","0.0","30.0","0.0","30.0","17.0"
"2019-2020","Haryana","Ambala","Saha","Upalana","91.0","91.0","65.0","0.0","63.0","128.0","26.0","52.0","50.0","0.0","26.0","76.0","23.0"
"2014-2015","Tamil Nadu","Tiruvallur","Ellapuram","Tholavedu","306.0","305.0","505.0","3.0","265.0","773.0","476.0","305.0","243.0","2.0","140.0","385.0","313.0"
"2020-2021","Maharashtra","Thane","Kalyan","Goveli","249.0","249.0","32.0","92.0","514.0","638.0","307.0","55.0","1.0","5.0","33.0","39.0","20.0"
"2015-2016","Maharashtra","Beed","Wadwani","Sangam","106.0","102.0","0.0","0.0","629.0","629.0","302.0","0.0","0.0","0.0","47.0","47.0","22.0"
"2017-2018","Haryana","Karnal","Indri","Garhi Gujran","118.0","118.0","95.0","0.0","212.0","307.0","139.0","86.0","46.0","0.0","79.0","125.0","68.0"
"2021-2022","Madhya Pradesh","Chhindwara","Chhindwara","Thaonri Theka","336.0","331.0","98.0","150.0","416.0","664.0","277.0","257.0","71.0","116.0","255.0","442.0","197.0"
"2015-2016","Gujarat","Tapi","Nizar","Khodada","960.0","960.0","2.0","2322.0","198.0","2522.0","1185.0","611.0","0.0","554.0","46.0","600.0","303.0"
"2017-2018","Andhra Pradesh","Guntur","Durgi","Kancharagunta","787.0","787.0","462.0","228.0","476.0","1166.0","599.0","630.0","434.0","220.0","448.0","1102.0","569.0"
"2016-2017","Meghalaya","South Garo Hills","Gasuapara","Seempara A","174.0","174.0","0.0","742.0","18.0","760.0","385.0","97.0","0.0","351.0","8.0","359.0","126.0"
"2023-2024","Andhra Pradesh","Srikakulam","Vajrapukothuru","Dokulapadu","411.0","411.0","4.0","0.0","554.0","558.0","351.0","369.0","4.0","0.0","479.0","483.0","299.0"
"2017-2018","Madhya Pradesh","Satna","Unchahara","Ichaul","368.0","352.0","174.0","100.0","401.0","675.0","250.0","256.0","155.0","91.0","349.0","595.0","217.0"
"2021-2022","Uttar Pradesh","Sitapur","Behta","Akbarpur","782.0","715.0","133.0","0.0","571.0","704.0","288.0","493.0","108.0","0.0","359.0","467.0","200.0"
"2021-2022","Madhya Pradesh","Khargone","Kasrawad","Jalkha","581.0","566.0","279.0","230.0","621.0","1130.0","521.0","479.0","186.0","179.0","534.0","899.0","417.0"
"2021-2022","Maharashtra","Akola","Balapur","Ridhora","1205.0","840.0","198.0","6.0","1862.0","2066.0","850.0","239.0","33.0","1.0","236.0","270.0","108.0"
"2020-2021","Chhattisgarh","Gaurela Pendra Marwahi","Gaurella-1","Jamdi Khurd","411.0","402.0","0.0","0.0","0.0","0.0","0.0","311.0","0.0","0.0","0.0","0.0","0.0"
"2019-2020","Punjab","Ludhiana","Doraha","Katana","42.0","42.0","46.0","0.0","8.0","54.0","36.0","28.0","28.0","0.0","4.0","32.0","24.0"
"2017-2018","Madhya Pradesh","Balaghat","Lanji","Pausera","457.0","455.0","11.0","10.0","1073.0","1094.0","507.0","406.0","8.0","8.0","937.0","953.0","442.0"
"2019-2020","Uttar Pradesh","Azamgarh","Azmatgarh","Salhepur","349.0","341.0","91.0","0.0","319.0","410.0","222.0","226.0","75.0","0.0","250.0","325.0","180.0"
"2015-2016","Tamil Nadu","Thoothukkudi","Ottapidaram","Therkku Kalmedu","442.0","442.0","98.0","0.0","329.0","427.0","327.0","450.0","90.0","0.0","297.0","387.0","312.0"
"2015-2016","Maharashtra","Beed","Bid","Bahirawadi","375.0","248.0","0.0","0.0","19.0","19.0","9.0","1.0","0.0","0.0","0.0","0.0","0.0"
"2014-2015","Jharkhand","Ranchi","Ormanjhi","Ormanjhi","659.0","637.0","49.0","201.0","431.0","681.0","343.0","155.0","10.0","84.0","209.0","303.0","171.0"
"2015-2016","Tamil Nadu","Cuddalore","Melbhuvanagiri","Prasannaramapuram","193.0","187.0","0.0","0.0","318.0","318.0","175.0","183.0","0.0","0.0","194.0","194.0","123.0"
"2017-2018","Uttar Pradesh","Mirzapur","Majhawa","Byaspur","256.0","252.0","50.0","2.0","322.0","374.0","111.0","99.0","27.0","1.0","162.0","190.0","49.0"
"2016-2017","Telangana","Sangareddy","Jharasangam","Kuppanagar","782.0","782.0","652.0","7.0","1336.0","1995.0","960.0","288.0","274.0","0.0","287.0","561.0","306.0"
"2022-2023","Tamil Nadu","Vellore","Anaicut","Vannanthangal","865.0","865.0","210.0","29.0","1083.0","1322.0","859.0","770.0","173.0","23.0","931.0","1127.0","756.0"
"2016-2017","Maharashtra","Thane","Murbad","Sayale","171.0","167.0","48.0","81.0","380.0","509.0","221.0","55.0","9.0","1.0","35.0","45.0","27.0"
"2017-2018","Uttar Pradesh","Sultanpur","Akhand Nagar","Patar Khas","138.0","125.0","108.0","2.0","412.0","522.0","223.0","56.0","51.0","1.0","269.0","321.0","132.0"
"2019-2020","Haryana","Ambala","Ambala-I","Batrohan","115.0","115.0","118.0","0.0","121.0","239.0","138.0","24.0","48.0","0.0","40.0","88.0","65.0"
"2020-2021","Uttar Pradesh","Muzaffarnagar","Morna","Bhedaheri","220.0","180.0","169.0","0.0","144.0","313.0","123.0","66.0","61.0","0.0","43.0","104.0","38.0"
"2019-2020","Gujarat","Mahesana","Unjha","Varvada","50.0","50.0","4.0","0.0","114.0","118.0","48.0","33.0","2.0","0.0","26.0","28.0","11.0"
"2019-2020","Chhattisgarh","Janjgir-Champa","Nawagarh","Kuriyari","507.0","507.0","160.0","26.0","1076.0","1262.0","564.0","388.0","133.0","22.0","942.0","1097.0","495.0"
"2014-2015","Maharashtra","Jalgaon","Bodwad","Nandgaon","467.0","467.0","339.0","120.0","867.0","1326.0","607.0","103.0","95.0","20.0","288.0","403.0","169.0"
"2017-2018","Punjab","Hoshiarpur","Hoshiarpur-I","Allowal","29.0","29.0","67.0","0.0","23.0","90.0","43.0","20.0","25.0","0.0","18.0","43.0","23.0"
"2015-2016","Uttar Pradesh","Sambhal","Gunnaur","Bandari Kamalgarh","0.0","0.0","0.0","0.0","0.0","0.0","0.0","0.0","0.0","0.0","0.0","0.0","0.0"
"2015-2016","Andhra Pradesh","Nellore","Dakkili","Chapalapalli","315.0","315.0","254.0","64.0","276.0","594.0","306.0","223.0","214.0","49.0","226.0","489.0","256.0"
"2017-2018","Rajasthan","Barmer","Gudamalani","रामजी का गोल फांटा","816.0","799.0","0.0","0.0","0.0","0.0","0.0","413.0","0.0","0.0","0.0","0.0","0.0"
"2018-2019","Madhya Pradesh","Chhatarpur","Buxwaha","Kairwar","588.0","585.0","55.0","251.0","605.0","911.0","395.0","492.0","47.0","187.0","505.0","739.0","287.0"
"2014-2015","Punjab","Hoshiarpur","Mukerian","Kotli Khas","78.0","78.0","35.0","0.0","45.0","80.0","20.0","29.0","12.0","0.0","8.0","20.0","5.0"
"2022-2023","Andhra Pradesh","Tirupati","Chillakur","Vellapalem","367.0","367.0","144.0","116.0","441.0","701.0","358.0","337.0","132.0","83.0","413.0","628.0","323.0"
"2014-2015","Uttar Pradesh","Azamgarh","Palhani","Gayaspur","267.0","267.0","61.0","0.0","271.0","332.0","77.0","163.0","24.0","0.0","145.0","169.0","49.0"
"2017-2018","Maharashtra","Aurangabad","Aurangabad","Bakapur","243.0","240.0","4.0","2.0","736.0","742.0","222.0","62.0","3.0","0.0","327.0","330.0","102.0"
"2020-2021","Karnataka","Chikkaballapura","Gauribidanur","Pura","1181.0","1181.0","679.0","434.0","1779.0","2892.0","1404.0","641.0","246.0","164.0","684.0","1094.0","566.0"
"2020-2021","Odisha","Bolangir","Khaprakhol","Telenpali","1628.0","1580.0","216.0","998.0","967.0","2181.0","995.0","1031.0","195.0","861.0","861.0","1917.0","884.0"
"2017-2018","Bihar","Purbi Champaran","Kalyanpur","Raghunathpur","1370.0","1126.0","528.0","23.0","2218.0","2769.0","1453.0","239.0","164.0","15.0","1082.0","1261.0","807.0"
"2014-2015","Andhra Pradesh","West Godavari","Iragavaram","Kannayakumudavalli","473.0","473.0","170.0","15.0","505.0","690.0","262.0","172.0","122.0","9.0","335.0","466.0","140.0"
"2018-2019","Madhya Pradesh","Balaghat","Birsa","Nikum","386.0","382.0","3.0","314.0","683.0","1000.0","496.0","353.0","1.0","289.0","624.0","914.0","464.0"
"2022-2023","Gujarat","Dohad","Singvad","Dhamanbari","859.0","807.0","7.0","862.0","842.0","1711.0","770.0","500.0","1.0","325.0","286.0","612.0","270.0"
"2020-2021","Rajasthan","Karauli","Masalpur","गुवरेडा","1683.0","1623.0","154.0","521.0","2018.0","2693.0","1283.0","1202.0","131.0","456.0","1373.0","1960.0","960.0"
"2019-2020","Bihar","Rohtas","Bikramganj","Ghosiya Khurd","1058.0","968.0","479.0","48.0","901.0","1428.0","377.0","276.0","229.0","18.0","506.0","753.0","186.0"
"2014-2015","Rajasthan","Pali","Raipur","दीपावास","1497.0","1492.0","489.0","2.0","2593.0","3084.0","1651.0","710.0","192.0","1.0","1308.0","1501.0","1156.0"
"2020-2021","Haryana","Jind","Narwana","Dhanauri","692.0","692.0","520.0","0.0","799.0","1319.0","687.0","500.0","168.0","0.0","318.0","486.0","326.0"
"2015-2016","Assam","Sonitpur","Sootea","No.5 Sootea","2194.0","2115.0","99.0","2.0","3690.0","3791.0","1638.0","1218.0","51.0","0.0","2176.0","2227.0","1034.0"
"2023-2024","Karnataka","Bagalkote","Hungund","Muganur","1652.0","1646.0","573.0","454.0","3739.0","4766.0","2350.0","1399.0","380.0","321.0","2592.0","3293.0","1610.0"
"2014-2015","Andhra Pradesh","Vizianagaram","Pachipenta","H.Gotturu","1.0","1.0","0.0","0.0","0.0","0.0","0.0","0.0","0.0","0.0","0.0","0.0","0.0"
"2014-2015","Gujarat","Dohad","Fatepura","Balaiya","928.0","916.0","104.0","2128.0","1450.0","3682.0","1760.0","218.0","7.0","836.0","358.0","1201.0","563.0"
"2020-2021","Maharashtra","Nashik","Nashik","Rajurbahula","135.0","135.0","17.0","157.0","283.0","457.0","147.0","59.0","0.0","15.0","34.0","49.0","13.0"
"2021-2022","Punjab","Tarn Taran","Khadur-Sahib-10","Kuriwallah","102.0","102.0","106.0","0.0","56.0","162.0","73.0","22.0","31.0","0.0","10.0","41.0","27.0"
"2016-2017","Uttar Pradesh","Rae Bareli","Salon","Godva Hasanpur","220.0","220.0","209.0","0.0","489.0","698.0","230.0","150.0","166.0","0.0","350.0","516.0","179.0"
"2022-2023","Uttar Pradesh","Jhansi","Gursarai","Sonakpura","540.0","490.0","419.0","2.0","523.0","944.0","403.0","421.0","250.0","0.0","372.0","622.0","236.0"
"2022-2023","Gujarat","Ahmadabad","Mandal                                            ","Endla","348.0","347.0","42.0","0.0","548.0","590.0","224.0","60.0","3.0","0.0","130.0","133.0","48.0"
"2018-2019","Karnataka","Bagalkote","Jamkhandi","Kunchanur","774.0","774.0","371.0","131.0","1046.0","1548.0","804.0","479.0","119.0","45.0","537.0","701.0","341.0"
"2021-2022","Karnataka","Chamaraja Nagara","Kollegala","Kunthooru","1915.0","1915.0","1801.0","74.0","3725.0","5600.0","2713.0","980.0","503.0","32.0","813.0","1348.0","804.0"
"2014-2015","Bihar","Samastipur","Klayanpur","Bhagirathpur","1266.0","1247.0","221.0","0.0","500.0","721.0","315.0","394.0","113.0","0.0","301.0","414.0","191.0"
"2015-2016","Assam","Sonitpur","Dhekiajuli","Garubondha","1505.0","1505.0","138.0","421.0","2269.0","2828.0","1614.0","727.0","72.0","261.0","1227.0","1560.0","966.0"
"2017-2018","Karnataka","Haveri","Byadgi","Kalledevaru","680.0","662.0","726.0","793.0","1162.0","2681.0","1244.0","464.0","332.0","487.0","654.0","1473.0","690.0"
"2015-2016","Uttar Pradesh","Jaunpur","Mungra Badshah Pur","Devi Himmatpur","114.0","114.0","42.0","0.0","74.0","116.0","41.0","32.0","32.0","0.0","55.0","87.0","32.0"
"2022-2023","Tamil Nadu","Thoothukkudi","Kovilpatti","Erachi","942.0","940.0","148.0","0.0","988.0","1136.0","965.0","868.0","119.0","0.0","832.0","951.0","861.0"
"2021-2022","Telangana","Medchal","Shamirpet","Bomraspet","159.0","159.0","64.0","0.0","103.0","167.0","93.0","82.0","37.0","0.0","57.0","94.0","68.0"
"2023-2024","Tripura","Dhalai","Manu","West Jamircherra","582.0","582.0","4.0","1119.0","39.0","1162.0","584.0","580.0","4.0","1077.0","38.0","1119.0","561.0"
"2023-2024","Uttarakhand","Bageshwar","Garur","Falyanti","74.0","74.0","3.0","0.0","123.0","126.0","82.0","54.0","0.0","0.0","67.0","67.0","58.0"
"2021-2022","Uttar Pradesh","Saharanpur","Puwarka","Lundhali","116.0","115.0","0.0","0.0","0.0","0.0","0.0","68.0","0.0","0.0","0.0","0.0","0.0"
"2023-2024","Chhattisgarh","Korea","Baikunthpur","Golhaghat","204.0","203.0","0.0","0.0","0.0","0.0","0.0","190.0","0.0","0.0","0.0","0.0","0.0"
"2015-2016","Himachal Pradesh","Kangra","Kangra","Gahaliyan","338.0","338.0","100.0","1.0","819.0","920.0","409.0","189.0","42.0","1.0","375.0","418.0","225.0"
"2021-2022","Madhya Pradesh","Mandla","Ghughri","Chalni","423.0","420.0","0.0","624.0","278.0","902.0","426.0","407.0","0.0","573.0","249.0","822.0","386.0"
"2017-2018","Maharashtra","Buldhana","Motala","Talkhed","647.0","644.0","370.0","8.0","1628.0","2006.0","902.0","329.0","75.0","1.0","154.0","230.0","70.0"
"2018-2019","Andhra Pradesh","Vizianagaram","Vizianagaram","Badukondapeta","0.0","0.0","2.0","0.0","418.0","420.0","242.0","0.0","2.0","0.0","382.0","384.0","231.0"
"2023-2024","Chhattisgarh","Kawardha","Bodla","Baghutola","528.0","528.0","0.0","62.0","1051.0","1113.0","541.0","517.0","0.0","59.0","1019.0","1078.0","526.0"
"2018-2019","Madhya Pradesh","Seoni","Lakhnadon","Malkheda","332.0","331.0","112.0","492.0","186.0","790.0","371.0","270.0","103.0","429.0","128.0","660.0","322.0"
"2020-2021","Rajasthan","Jodhpur","Bap","राणेरी","676.0","672.0","220.0","2.0","2611.0","2833.0","1415.0","566.0","171.0","2.0","2042.0","2215.0","1106.0"
"2018-2019","Andhra Pradesh","Anantapur","Guntakal","Nalladasarapalli","288.0","288.0","73.0","0.0","488.0","561.0","290.0","205.0","56.0","0.0","406.0","462.0","242.0"
"2020-2021","Karnataka","Bidar","Basavakalyan","Yerandi","1762.0","1762.0","986.0","1918.0","1573.0","4477.0","2225.0","1525.0","828.0","1636.0","1248.0","3712.0","1892.0"
"2017-2018","Maharashtra","Hingoli","Basmath","Lingi","195.0","176.0","194.0","26.0","577.0","797.0","353.0","3.0","81.0","13.0","239.0","333.0","126.0"
"2017-2018","Uttarakhand","Pithoragarh","Didihat","Sata","54.0","54.0","16.0","0.0","87.0","103.0","50.0","53.0","11.0","0.0","60.0","71.0","30.0"
"2022-2023","Tamil Nadu","Thanjavur","Thiruvaiyaru","Avikkarai","342.0","336.0","199.0","0.0","335.0","534.0","361.0","297.0","133.0","0.0","236.0","369.0","301.0"
"2023-2024","Madhya Pradesh","Rewa","Sirmour","Pipari","124.0","124.0","31.0","24.0","86.0","141.0","55.0","123.0","31.0","23.0","79.0","133.0","50.0"
"2018-2019","Chhattisgarh","Dantewada","Geedam","Pahurnar","296.0","296.0","4.0","611.0","122.0","737.0","350.0","296.0","4.0","598.0","118.0","720.0","342.0"
"2022-2023","Maharashtra","Nashik","Peint","Hatrundi","469.0","467.0","0.0","1225.0","10.0","1235.0","570.0","217.0","0.0","429.0","3.0","432.0","203.0"
"2021-2022","Uttarakhand","Pauri Garhwal","Rikhnikhal","Jukreyan","71.0","71.0","5.0","0.0","117.0","122.0","66.0","45.0","4.0","0.0","72.0","76.0","40.0"
"2014-2015","Odisha","Kalahandi","Madanpur    Rampur","Madanpur","671.0","671.0","214.0","120.0","1198.0","1532.0","755.0","425.0","172.0","96.0","996.0","1264.0","627.0"
"2020-2021","Madhya Pradesh","Indore","Depalpur","Birgoda","336.0","317.0","123.0","21.0","622.0","766.0","356.0","277.0","43.0","9.0","266.0","318.0","128.0"
"2016-2017","Madhya Pradesh","Anuppur","Pushprajgarh","Bhejri","600.0","593.0","83.0","875.0","272.0","1230.0","593.0","506.0","76.0","742.0","229.0","1047.0","511.0"
"2018-2019","Jammu And Kashmir","Poonch","Loran","Arigam","0.0","0.0","0.0","433.0","542.0","975.0","460.0","0.0","0.0","258.0","395.0","653.0","301.0"
"2022-2023","Uttar Pradesh","Ghazipur","Mohammadabad","Murkikhurd","248.0","247.0","41.0","1.0","227.0","269.0","103.0","150.0","27.0","1.0","148.0","176.0","78.0"
"2022-2023","Meghalaya","Ri Bhoi  ","Umsning","Paitklong","123.0","123.0","0.0","0.0","0.0","0.0","0.0","111.0","0.0","0.0","0.0","0.0","0.0"
"2023-2024","Bihar","Madhepura","Singheshwar","Sukhasan","3648.0","3648.0","610.0","14.0","4019.0","4643.0","1890.0","1341.0","165.0","4.0","1322.0","1491.0","855.0"
"2014-2015","Uttarakhand","Pithoragarh","Didihat","Garali","117.0","115.0","101.0","0.0","183.0","284.0","136.0","79.0","72.0","0.0","117.0","189.0","87.0"
"2015-2016","Gujarat","Dohad","Dahod","Rabdal","114.0","66.0","9.0","738.0","16.0","763.0","354.0","25.0","0.0","82.0","3.0","85.0","40.0"
"2022-2023","Punjab","Patiala","Shambu Kalan","Badoli Gujran","103.0","103.0","84.0","0.0","51.0","135.0","54.0","63.0","64.0","0.0","21.0","85.0","43.0"
"2016-2017","Madhya Pradesh","Narsinghpur","Chawarpatha","Manakwara","186.0","186.0","86.0","79.0","539.0","704.0","109.0","72.0","47.0","36.0","220.0","303.0","68.0"
"2020-2021","Bihar","Begusarai","Nawkothi","Rajakpur","2511.0","2336.0","1071.0","15.0","3148.0","4234.0","1957.0","941.0","135.0","2.0","845.0","982.0","672.0"
"2021-2022","Rajasthan","Pratapgarh","Pratapgarh","Amlikhera","730.0","725.0","0.0","37.0","0.0","37.0","19.0","628.0","0.0","21.0","0.0","21.0","14.0"
"2021-2022","Tamil Nadu","Tiruppur","Avinashi","Kuppandampalayam","426.0","426.0","301.0","0.0","239.0","540.0","418.0","324.0","153.0","0.0","169.0","322.0","297.0"
"2023-2024","Uttar Pradesh","Auraiya","Achchalda","Nallhupur","521.0","520.0","337.0","16.0","317.0","670.0","186.0","366.0","174.0","9.0","235.0","418.0","102.0"
"2017-2018","Uttar Pradesh","Gorakhpur","Bhathat","Ghoradeur","200.0","199.0","69.0","0.0","201.0","270.0","59.0","112.0","54.0","0.0","156.0","210.0","49.0"
"2018-2019","Madhya Pradesh","Khandwa","Punasa","Narlay","638.0","626.0","45.0","365.0","603.0","1013.0","446.0","408.0","34.0","243.0","477.0","754.0","328.0"
"2016-2017","Tamil Nadu","Virudhunagar","Rajapalayam","Ganapathisundaranatchiyarpuram","558.0","556.0","774.0","0.0","24.0","798.0","565.0","479.0","536.0","0.0","11.0","547.0","469.0"
"2022-2023","Maharashtra","Jalgaon","Dharangaon","Kavthal","178.0","93.0","7.0","4.0","238.0","249.0","79.0","70.0","1.0","4.0","76.0","81.0","12.0"
"2020-2021","Madhya Pradesh","Rewa","Jawa","Werpur","263.0","259.0","211.0","239.0","254.0","704.0","309.0","168.0","102.0","131.0","126.0","359.0","139.0"
"2022-2023","Karnataka","Tumakuru","Tiptur","Gudigondanahalli (B.G. Kaval)","1499.0","1499.0","465.0","51.0","3368.0","3884.0","1883.0","826.0","128.0","17.0","1494.0","1639.0","776.0"
"2015-2016","Haryana","Sonipat","Sonipat","Kakroi","52.0","45.0","113.0","0.0","111.0","224.0","106.0","0.0","53.0","0.0","60.0","113.0","66.0"
"2023-2024","Andhra Pradesh","Krishna","Pedana","Chevendra","364.0","364.0","204.0","7.0","471.0","682.0","313.0","296.0","179.0","7.0","366.0","552.0","244.0"
"2022-2023","Maharashtra","Pune","Khed","Kharpud","139.0","125.0","3.0","344.0","56.0","403.0","198.0","63.0","1.0","65.0","21.0","87.0","22.0"
"2023-2024","Karnataka","Bidar","Humnabad","Kankatta","1589.0","1587.0","1016.0","742.0","1562.0","3320.0","1686.0","1247.0","709.0","469.0","1011.0","2189.0","1185.0"
"2023-2024","Bihar","Muzaffarpur","Paroo","3/31 Raghunathpur","1359.0","1355.0","202.0","10.0","1328.0","1540.0","699.0","539.0","3.0","6.0","542.0","551.0","397.0"
"2014-2015","Karnataka","Vijaypura","Vijaypura","Arakeri","1132.0","1132.0","2534.0","128.0","2700.0","5362.0","2577.0","594.0","698.0","23.0","619.0","1340.0","639.0"
"2018-2019","Rajasthan","Kota","Sultanpur","गढेपान","1172.0","1153.0","693.0","350.0","1641.0","2684.0","1233.0","1048.0","566.0","261.0","1244.0","2071.0","1013.0"
"2018-2019","Uttar Pradesh","Fatehpur","Khajuha","Kanshakheda","270.0","264.0","101.0","0.0","379.0","480.0","225.0","198.0","55.0","0.0","222.0","277.0","138.0"
"2022-2023","Uttar Pradesh","Mathura","Farah","Pilua Sadiqpur","284.0","277.0","70.0","0.0","347.0","417.0","167.0","221.0","60.0","0.0","262.0","322.0","125.0"
"2016-2017","Bihar","Rohtas","Kochas","Nauwa","1202.0","1195.0","564.0","7.0","1532.0","2103.0","574.0","318.0","194.0","1.0","598.0","793.0","255.0"
"2016-2017","Uttar Pradesh","Sultanpur","Akhand Nagar","Paudhan Rampur","328.0","318.0","205.0","0.0","378.0","583.0","211.0","150.0","68.0","0.0","165.0","233.0","87.0"
"2015-2016","Andhra Pradesh","Kurnool","Atmakur","Nallakalva","990.0","990.0","500.0","177.0","434.0","1111.0","584.0","372.0","365.0","138.0","259.0","762.0","421.0"
"2015-2016","Madhya Pradesh","Chhindwara","Jamai","Pindraikala","289.0","289.0","28.0","649.0","52.0","729.0","332.0","239.0","28.0","629.0","49.0","706.0","322.0"
"2022-2023","Odisha","Nuapada","Nuapada","Amsena","497.0","493.0","164.0","90.0","898.0","1152.0","531.0","415.0","133.0","74.0","830.0","1037.0","488.0"
"2017-2018","Punjab","Gurdaspur","Dinanagar","Jharoli","33.0","33.0","52.0","0.0","20.0","72.0","21.0","15.0","19.0","0.0","5.0","24.0","1.0"
"2017-2018","West Bengal","Bankura","Barjora","Khanrari","2319.0","2319.0","3386.0","78.0","2506.0","5970.0","2736.0","1310.0","2204.0","42.0","1005.0","3251.0","1537.0"
"2020-2021","Tamil Nadu","Erode","Chennimalai","Paniyampalli","826.0","826.0","200.0","0.0","1118.0","1318.0","791.0","612.0","118.0","0.0","670.0","788.0","566.0"
"2015-2016","Punjab","Ferozepur                 ","Guru Har Sahai","Basti Labh Singh Wali","70.0","66.0","208.0","0.0","12.0","220.0","105.0","31.0","143.0","0.0","7.0","150.0","79.0"
"2021-2022","Uttar Pradesh","Bulandshahr","Sikandrabad","Madavra","143.0","143.0","20.0","0.0","34.0","54.0","5.0","37.0","8.0","0.0","24.0","32.0","4.0"
"2016-2017","Manipur","Churachandpur","Vangai","Kasurvali","60.0","60.0","0.0","27.0","48.0","75.0","27.0","60.0","0.0","18.0","40.0","58.0","19.0"
"2017-2018","Madhya Pradesh","Dewas","Khategaon","Sandalpur","486.0","486.0","269.0","272.0","1019.0","1560.0","527.0","180.0","87.0","79.0","224.0","390.0","116.0"
"2021-2022","Karnataka","Hassan","Belur","Kesagoodu","513.0","513.0","525.0","1.0","692.0","1218.0","593.0","244.0","226.0","0.0","287.0","513.0","247.0"
"2015-2016","Uttar Pradesh","Gonda","Mankapur","Kaime","353.0","324.0","136.0","1.0","314.0","451.0","163.0","157.0","38.0","1.0","112.0","151.0","49.0"
"2020-2021","Chhattisgarh","Janjgir-Champa","Nawagarh","Khokhara","552.0","551.0","165.0","8.0","557.0","730.0","362.0","311.0","110.0","5.0","431.0","546.0","274.0"
"2017-2018","Uttar Pradesh","Deoria","Rudrapur","Chhapra Khurd","234.0","230.0","204.0","5.0","380.0","589.0","289.0","136.0","169.0","4.0","320.0","493.0","257.0"
"2019-2020","Uttar Pradesh","Azamgarh","Haraiya","A.N. Kerkhiya Kit 1","733.0","607.0","102.0","0.0","476.0","578.0","223.0","388.0","35.0","0.0","176.0","211.0","92.0"
"2021-2022","Maharashtra","Beed","Kaij","Kalamamba","788.0","576.0","9.0","0.0","1766.0","1775.0","768.0","23.0","1.0","0.0","129.0","130.0","47.0"
"2020-2021","Uttar Pradesh","Ballia","Garwar","Mithvar","383.0","327.0","144.0","3.0","300.0","447.0","124.0","255.0","105.0","1.0","212.0","318.0","83.0"
"2020-2021","Uttar Pradesh","Bulandshahr","Gulaothi","Ladlabas","33.0","13.0","0.0","0.0","35.0","35.0","14.0","13.0","0.0","0.0","12.0","12.0","5.0"
"2019-2020","Chhattisgarh","Janjgir-Champa","Balauda","Bokrel","391.0","386.0","258.0","50.0","617.0","925.0","406.0","313.0","210.0","41.0","490.0","741.0","326.0"
"2023-2024","Madhya Pradesh","Ujjain","Mahidpur","Lasudiyagoyal","142.0","137.0","113.0","0.0","338.0","451.0","205.0","89.0","47.0","0.0","118.0","165.0","59.0"
"2023-2024","Meghalaya","North Garo Hills","Kharkutta","Dangkong Garo","126.0","126.0","0.0","0.0","0.0","0.0","0.0","121.0","0.0","0.0","0.0","0.0","0.0"
"2020-2021","Rajasthan","Banswara","Banswara","उपला घंटाला","1092.0","1020.0","75.0","3527.0","118.0","3720.0","1922.0","789.0","42.0","2241.0","72.0","2355.0","1324.0"
"2015-2016","Punjab","Fazilka","Abohar","Dhani Chirag","31.0","31.0","52.0","0.0","76.0","128.0","55.0","16.0","45.0","0.0","53.0","98.0","45.0"
"2021-2022","Madhya Pradesh","Ujjain","Khacharod","Thadoda","147.0","146.0","65.0","68.0","165.0","298.0","136.0","55.0","7.0","14.0","67.0","88.0","32.0"
"2015-2016","Gujarat","Bharuch","Valia","Karsad","107.0","106.0","0.0","343.0","15.0","358.0","171.0","13.0","0.0","80.0","10.0","90.0","38.0"
"2018-2019","Meghalaya","East Khasi Hills","Mawphlang","Jamynthlen","63.0","63.0","0.0","0.0","0.0","0.0","0.0","63.0","0.0","0.0","0.0","0.0","0.0"
"2016-2017","Uttar Pradesh","Prayagraj","Kaudhiyara","बड़गोहना कला","387.0","359.0","61.0","0.0","526.0","587.0","275.0","221.0","36.0","0.0","309.0","345.0","164.0"
"2021-2022","Tamil Nadu","Krishnagiri","Kaveripattanam","Mittahalli","1948.0","1948.0","34.0","0.0","2256.0","2290.0","2049.0","1660.0","27.0","0.0","1772.0","1799.0","1744.0"
"2017-2018","Uttarakhand","Nainital","Betalghat","Khairalibunga","83.0","83.0","7.0","0.0","126.0","133.0","77.0","72.0","6.0","0.0","49.0","55.0","32.0"
"2023-2024","Rajasthan","Nagaur","Didwana","सानिया","1240.0","1205.0","1241.0","11.0","1465.0","2717.0","1281.0","938.0","640.0","6.0","696.0","1342.0","776.0"
"2019-2020","Uttar Pradesh","Mahoba","Kabrai","Plaka","147.0","139.0","0.0","0.0","0.0","0.0","0.0","88.0","0.0","0.0","0.0","0.0","0.0"
"2018-2019","Madhya Pradesh","Agar-Malwa","Agar","Mathurakhedi","211.0","210.0","306.0","4.0","441.0","751.0","278.0","141.0","149.0","0.0","206.0","355.0","133.0"
"2021-2022","Chhattisgarh","Mungeli","Lormi","Khairawarkhurd","280.0","280.0","758.0","0.0","342.0","1100.0","508.0","220.0","545.0","0.0","267.0","812.0","365.0"
"2014-2015","Uttar Pradesh","Kanpur Nagar","Patara","Tilsarha","558.0","558.0","299.0","0.0","185.0","484.0","154.0","202.0","184.0","0.0","108.0","292.0","90.0"
"2015-2016","Bihar","Pashchim Champaran","Nautan","Mangalpur Kala","629.0","621.0","137.0","13.0","1467.0","1617.0","633.0","159.0","5.0","3.0","352.0","360.0","169.0"
"2020-2021","Uttar Pradesh","Hardoi","Tadiyawan","Daniyalganj","346.0","345.0","166.0","0.0","191.0","357.0","54.0","117.0","51.0","0.0","54.0","105.0","10.0"
"2022-2023","Uttar Pradesh","Etah","Shitalpur","Pahara Majra Kabeerpur","417.0","338.0","63.0","0.0","434.0","497.0","123.0","297.0","39.0","0.0","285.0","324.0","87.0"
"2015-2016","Maharashtra","Wardha","Ashti","Navin Ashti","47.0","32.0","6.0","38.0","233.0","277.0","93.0","17.0","3.0","17.0","56.0","76.0","32.0"
"2014-2015","Jammu And Kashmir","Kupwara","Kralpora","Dardsun B","101.0","98.0","0.0","0.0","318.0","318.0","152.0","61.0","0.0","0.0","292.0","292.0","139.0"
"2020-2021","Rajasthan","Sikar","Shrimadhopur","थ‍ोई","930.0","930.0","307.0","44.0","1160.0","1511.0","896.0","485.0","144.0","13.0","433.0","590.0","502.0"
"2018-2019","Uttar Pradesh","Sultanpur","Baldirai","Fattepur","526.0","439.0","121.0","0.0","385.0","506.0","154.0","270.0","98.0","0.0","117.0","215.0","67.0"
"2018-2019","Madhya Pradesh","Khargone","Bhikangaon","Kalyakhedi","421.0","407.0","25.0","1032.0","126.0","1183.0","531.0","254.0","17.0","693.0","62.0","772.0","311.0"
"2019-2020","Madhya Pradesh","Chhindwara","Pandhurna","Vadegaon","443.0","432.0","196.0","127.0","1182.0","1505.0","689.0","114.0","125.0","74.0","657.0","856.0","390.0"
"2018-2019","Uttarakhand","Chamoli","Narayanbagar","Ashad","121.0","120.0","118.0","2.0","149.0","269.0","161.0","119.0","86.0","2.0","109.0","197.0","129.0"
"2015-2016","Andhra Pradesh","Krishna","Vijayawada Rural","Pathapadu","612.0","612.0","349.0","114.0","780.0","1243.0","683.0","268.0","300.0","100.0","630.0","1030.0","584.0"
"2022-2023","Uttar Pradesh","Aligarh","Chandaus","Nababpur","213.0","212.0","57.0","0.0","193.0","250.0","75.0","106.0","41.0","0.0","95.0","136.0","40.0"
"2019-2020","Madhya Pradesh","Narsinghpur","Gotegaon","Belkherinermada","242.0","242.0","20.0","56.0","437.0","513.0","189.0","152.0","11.0","39.0","295.0","345.0","123.0"
"2015-2016","Punjab","Barnala","Sehna","Ramgarh","279.0","275.0","570.0","0.0","107.0","677.0","340.0","262.0","385.0","0.0","50.0","435.0","233.0"
"2023-2024","Maharashtra","Beed","Ambajogai","Shepwadi","488.0","357.0","0.0","0.0","912.0","912.0","351.0","80.0","0.0","0.0","175.0","175.0","73.0"
"2015-2016","Haryana","Rewari","Jatusana","Shadipur","59.0","59.0","191.0","0.0","82.0","273.0","124.0","0.0","59.0","0.0","4.0","63.0","25.0"
"2014-2015","Odisha","Baleshwar","Khaira","Dalanga-Ii","426.0","426.0","0.0","0.0","0.0","0.0","0.0","0.0","0.0","0.0","0.0","0.0","0.0"
"2020-2021","Punjab","Patiala","Patiala","Karhali","408.0","408.0","335.0","0.0","167.0","502.0","249.0","239.0","223.0","0.0","111.0","334.0","196.0"
"2020-2021","Odisha","Kalahandi","Lanjigarh","Pahadpadar","864.0","864.0","463.0","950.0","346.0","1759.0","900.0","789.0","440.0","880.0","318.0","1638.0","838.0"
"2017-2018","Andhra Pradesh","Vizianagaram","Garividi","Kumaram","720.0","720.0","156.0","0.0","911.0","1067.0","542.0","507.0","134.0","0.0","821.0","955.0","497.0"
"2019-2020","Jharkhand","Khunti","Murhu","Hethgoa","1165.0","1165.0","49.0","1417.0","16.0","1482.0","574.0","665.0","14.0","623.0","11.0","648.0","227.0"
"2022-2023","Uttar Pradesh","Prayagraj","Jasra","कांटी","698.0","698.0","190.0","0.0","572.0","762.0","327.0","441.0","135.0","0.0","472.0","607.0","266.0"
"2018-2019","Punjab","Patiala","Patiala","Uchha Gaon","99.0","99.0","94.0","0.0","96.0","190.0","129.0","74.0","68.0","0.0","51.0","119.0","98.0"
"2018-2019","Odisha","Rayagada","Bissamcuttack","Kankubadi","1206.0","1206.0","271.0","1198.0","80.0","1549.0","814.0","765.0","216.0","808.0","60.0","1084.0","528.0"
"2020-2021","Karnataka","Haveri","Hanagal","Mantagi","908.0","908.0","377.0","113.0","2043.0","2533.0","1162.0","474.0","225.0","61.0","1117.0","1403.0","631.0"
"2019-2020","Uttar Pradesh","Azamgarh","Mahrajganj","Captaingang","228.0","227.0","10.0","0.0","93.0","103.0","47.0","65.0","9.0","0.0","66.0","75.0","32.0"
"2018-2019","Assam","Karimganj","Lowairpoa","Medly","1559.0","1535.0","1013.0","65.0","1874.0","2952.0","1097.0","496.0","378.0","24.0","626.0","1028.0","330.0"
"2017-2018","Bihar","Jamui","Laxmipur","Anandpur","1807.0","1517.0","486.0","177.0","1926.0","2589.0","1277.0","744.0","258.0","83.0","1197.0","1538.0","813.0"
"2017-2018","Gujarat","Bhavnagar","Shihor                                            ","Bekdi","19.0","19.0","0.0","0.0","129.0","129.0","52.0","0.0","0.0","0.0","90.0","90.0","35.0"
"2018-2019","Rajasthan","Jaisalmer","Sankra","Khumansar","0.0","0.0","0.0","0.0","0.0","0.0","0.0","0.0","0.0","0.0","0.0","0.0","0.0"
"2018-2019","Nagaland","Dimapur","Medziphema","Piphema A","322.0","322.0","0.0","477.0","0.0","477.0","217.0","322.0","0.0","449.0","0.0","449.0","205.0"
"2016-2017","Odisha","Jagatsinghapur","Raghunathpur","Adheikul","744.0","744.0","139.0","1.0","894.0","1034.0","361.0","436.0","67.0","0.0","544.0","611.0","207.0"
"2016-2017","Maharashtra","Nashik","Trimbakeshwar","Alwand","113.0","113.0","77.0","405.0","31.0","513.0","214.0","13.0","18.0","78.0","3.0","99.0","46.0"
"2018-2019","Tamil Nadu","Kanchipuram","Walajabad","Karur","230.0","230.0","110.0","1.0","385.0","496.0","280.0","219.0","51.0","0.0","242.0","293.0","237.0"
"2019-2020","Uttar Pradesh","Ayodhya","Milkipur","Gujra Mau","123.0","122.0","186.0","0.0","204.0","390.0","132.0","83.0","173.0","0.0","177.0","350.0","118.0"
"2017-2018","Uttar Pradesh","Hardoi","Tadiyawan","Gursanda","528.0","519.0","190.0","0.0","417.0","607.0","202.0","321.0","84.0","0.0","287.0","371.0","109.0"
"2015-2016","Bihar","Patna","Pandarkh","10/2 Raili Panchayat","1203.0","1191.0","112.0","3.0","401.0","516.0","180.0","65.0","65.0","2.0","258.0","325.0","109.0"
"2021-2022","Rajasthan","Nagaur","Merta","मुगदड़ा","1086.0","1086.0","457.0","0.0","1743.0","2200.0","1121.0","1000.0","349.0","0.0","1402.0","1751.0","944.0"
"2023-2024","Tamil Nadu","Tenkasi","Alankulam","Kurichanpatty","626.0","624.0","105.0","0.0","868.0","973.0","580.0","534.0","73.0","0.0","590.0","663.0","485.0"
"2021-2022","Maharashtra","Aurangabad","Ganagapur","Pachapirwadi","311.0","266.0","4.0","5.0","688.0","697.0","347.0","36.0","0.0","0.0","88.0","88.0","36.0"
"2019-2020","Punjab","Sangrur","Dhuri","Kherhi Jattan","237.0","237.0","169.0","0.0","99.0","268.0","131.0","108.0","123.0","0.0","40.0","163.0","102.0"
"2021-2022","Madhya Pradesh","Khargone","Bhikangaon","Devla","481.0","415.0","165.0","211.0","659.0","1035.0","441.0","273.0","69.0","112.0","283.0","464.0","185.0"
"2015-2016","Meghalaya","East Jaintia Hills","Khliehriat","Lejri","73.0","73.0","0.0","417.0","1.0","418.0","203.0","196.0","0.0","289.0","1.0","290.0","155.0"
"2015-2016","Arunachal Pradesh","Lower Subansiri","Hong-Hari","Takhe-Leyu","55.0","55.0","0.0","195.0","0.0","195.0","106.0","46.0","0.0","59.0","0.0","59.0","31.0"
"2017-2018","Uttar Pradesh","Pilibhit","Barkhera","Purena","649.0","640.0","9.0","0.0","633.0","642.0","116.0","175.0","5.0","0.0","247.0","252.0","63.0"
"2020-2021","Meghalaya","East Khasi Hills","Mawryngkneng","Dongshyiap","82.0","82.0","0.0","0.0","0.0","0.0","0.0","81.0","0.0","0.0","0.0","0.0","0.0"
"2014-2015","Jharkhand","Lohardaga","Bhandra","Jamgai","1148.0","1148.0","46.0","2996.0","389.0","3431.0","1528.0","710.0","10.0","824.0","102.0","936.0","387.0"
"2014-2015","Andhra Pradesh","Krishna","Agiripalle","Sitharampuram","411.0","411.0","15.0","19.0","872.0","906.0","468.0","1.0","15.0","18.0","766.0","799.0","423.0"
"2015-2016","Andhra Pradesh","Chittoor","Gudipala","Bandapalle","254.0","254.0","32.0","4.0","256.0","292.0","158.0","91.0","21.0","1.0","122.0","144.0","83.0"
"2016-2017","Uttar Pradesh","Bijnor","Haldaur(Khari Jhalu)","Mukarpur Khema","38.0","34.0","28.0","0.0","97.0","125.0","69.0","31.0","11.0","0.0","61.0","72.0","37.0"
"2022-2023","Gujarat","Mahesana","Kadi","Haripura","16.0","16.0","0.0","0.0","31.0","31.0","14.0","13.0","0.0","0.0","16.0","16.0","6.0"
"2016-2017","Uttar Pradesh","Kushi Nagar","Kaptainganj","Jagadishpur","271.0","261.0","125.0","0.0","382.0","507.0","212.0","204.0","83.0","0.0","293.0","376.0","147.0"
"2019-2020","Odisha","Jajpur","Dharmasala","Sundaria","1148.0","1142.0","84.0","27.0","404.0","515.0","147.0","246.0","52.0","13.0","300.0","365.0","110.0"
"2019-2020","Himachal Pradesh","Mandi","Gohar","Parwada","509.0","490.0","235.0","0.0","924.0","1159.0","573.0","401.0","184.0","0.0","685.0","869.0","468.0"
"2014-2015","Madhya Pradesh","Alirajpur","Bhabra","Mathana","534.0","534.0","0.0","1571.0","14.0","1585.0","725.0","312.0","0.0","773.0","11.0","784.0","343.0"
"2021-2022","Gujarat","Sabar Kantha","Talod","Balisana","276.0","276.0","1.0","0.0","366.0","367.0","144.0","85.0","0.0","0.0","57.0","57.0","27.0"
"2016-2017","Mizoram","Kolasib","Bilkhawthlir","N. Thinglian","96.0","96.0","0.0","115.0","0.0","115.0","41.0","92.0","0.0","114.0","0.0","114.0","41.0"
"2022-2023","Uttar Pradesh","Kushi Nagar","Kaptainganj","Bhadsar Narayan","265.0","265.0","136.0","0.0","212.0","348.0","147.0","223.0","96.0","0.0","167.0","263.0","111.0"
"2023-2024","Chhattisgarh","Surajpur","Bhaiyathan","Kewara","399.0","399.0","60.0","159.0","478.0","697.0","358.0","378.0","57.0","144.0","436.0","637.0","327.0"
"2022-2023","Gujarat","Jamnagar","Kalavad                                           ","Nana Vadala","101.0","101.0","14.0","0.0","206.0","220.0","84.0","13.0","6.0","0.0","20.0","26.0","13.0"
"2019-2020","Maharashtra","Jalgaon","Jamner","Waki Khu","262.0","255.0","67.0","13.0","731.0","811.0","365.0","54.0","9.0","0.0","52.0","61.0","24.0"
"2022-2023","Uttar Pradesh","Pratapgarh","Babaganj","Salempur Dadaura","719.0","719.0","74.0","0.0","399.0","473.0","197.0","263.0","47.0","0.0","214.0","261.0","103.0"
"2015-2016","Uttar Pradesh","Amethi","Jamo","Mayas","513.0","504.0","119.0","11.0","879.0","1009.0","294.0","87.0","23.0","6.0","340.0","369.0","128.0"
"2023-2024","Chhattisgarh","Bijapur","Bhairamgarh","Fullodi","163.0","163.0","0.0","0.0","0.0","0.0","0.0","163.0","0.0","0.0","0.0","0.0","0.0"
"2018-2019","Karnataka","Dakshina Kannada","Puttur","Konaje","215.0","168.0","0.0","0.0","0.0","0.0","0.0","116.0","0.0","0.0","0.0","0.0","0.0"
"2019-2020","Uttar Pradesh","Kannauj","Haseran","Madhnpura","1170.0","968.0","236.0","1.0","1066.0","1303.0","295.0","512.0","81.0","0.0","550.0","631.0","129.0"
"2014-2015","Arunachal Pradesh","Lower Subansiri","Pistana","Shally","152.0","152.0","0.0","429.0","0.0","429.0","248.0","130.0","0.0","257.0","0.0","257.0","134.0"
"2023-2024","Chhattisgarh","Korba","Pali","Rangole","338.0","338.0","38.0","469.0","260.0","767.0","384.0","295.0","26.0","368.0","179.0","573.0","288.0"
"2015-2016","Rajasthan","Churu","Churu","सहजूसर","780.0","770.0","322.0","3.0","1627.0","1952.0","909.0","569.0","212.0","2.0","961.0","1175.0","623.0"
"2020-2021","Maharashtra","Aurangabad","Sillod","Bhavan","640.0","628.0","188.0","30.0","1631.0","1849.0","860.0","103.0","11.0","5.0","220.0","236.0","110.0"
"2014-2015","Rajasthan","Nagaur","Mundwan","पांचोड़ी","1366.0","1363.0","1125.0","0.0","3167.0","4292.0","2119.0","1002.0","624.0","0.0","1641.0","2265.0","1561.0"
"2020-2021","Maharashtra","Ahmednagar","Kopargaon","Chandgavhan","155.0","154.0","2.0","90.0","479.0","571.0","267.0","8.0","2.0","7.0","17.0","26.0","8.0"
"2021-2022","Uttar Pradesh","Baghpat","Pilana","Mu. Aaugti","90.0","82.0","50.0","0.0","71.0","121.0","20.0","32.0","6.0","0.0","29.0","35.0","8.0"
"2020-2021","Telangana","Nalgonda","Kangal","Pagidi Marri","605.0","605.0","212.0","5.0","1118.0","1335.0","627.0","432.0","104.0","3.0","631.0","738.0","409.0"
"2022-2023","Karnataka","Haveri","Byadgi","Keravadi","1464.0","1464.0","637.0","213.0","2805.0","3655.0","1704.0","918.0","290.0","95.0","1602.0","1987.0","921.0"
"2020-2021","Bihar","Purbi Champaran","Chakia (Pipra)","Hardiyabad","2466.0","2353.0","408.0","1.0","2541.0","2950.0","1444.0","385.0","181.0","1.0","1019.0","1201.0","653.0"
"2015-2016","Jharkhand","East Singhbum","Dumaria","Barakanjiya","1614.0","1582.0","997.0","4016.0","453.0","5466.0","2705.0","739.0","243.0","1357.0","138.0","1738.0","874.0"
"2023-2024","Uttar Pradesh","Gonda","Katra Bazar","Sarbangpur","593.0","584.0","57.0","0.0","634.0","691.0","276.0","271.0","16.0","0.0","285.0","301.0","123.0"
"2021-2022","Gujarat","Amreli","Dhari                                             ","Prempara","1103.0","1099.0","24.0","0.0","2329.0","2353.0","1127.0","13.0","8.0","0.0","31.0","39.0","16.0"
"2022-2023","Uttar Pradesh","Prayagraj","Meja","मेड़रा","233.0","207.0","43.0","0.0","269.0","312.0","120.0","122.0","37.0","0.0","149.0","186.0","78.0"
"2022-2023","Uttar Pradesh","Hamirpur","Sumerpur","Nadehara","630.0","630.0","236.0","0.0","966.0","1202.0","506.0","440.0","182.0","0.0","595.0","777.0","351.0"
"2019-2020","Uttarakhand","Udam Singh Nagar","Rudrapur","कच्चीखमरिया","351.0","351.0","189.0","0.0","401.0","590.0","241.0","204.0","44.0","0.0","41.0","85.0","22.0"
"2014-2015","Tamil Nadu","Villupuram","T.V. Nallur","Enathimankalam","682.0","666.0","432.0","1.0","940.0","1373.0","784.0","621.0","346.0","1.0","694.0","1041.0","668.0"
"2015-2016","Rajasthan","Jalore","Sayala","सिराणा","718.0","694.0","829.0","166.0","8589.0","9584.0","4624.0","224.0","466.0","42.0","3231.0","3739.0","2120.0"
"2021-2022","Punjab","Sangrur","Sunam","Chathe Nakte","101.0","101.0","115.0","0.0","32.0","147.0","76.0","76.0","82.0","0.0","23.0","105.0","66.0"
"2023-2024","Uttar Pradesh","Kaushambi","Sarsawan","Ajaruli","260.0","258.0","134.0","0.0","156.0","290.0","65.0","216.0","100.0","0.0","136.0","236.0","47.0"
"2016-2017","Uttar Pradesh","Balrampur","Balrampur","Sevraha","262.0","261.0","0.0","0.0","0.0","0.0","0.0","26.0","0.0","0.0","0.0","0.0","0.0"
"2023-2024","Uttar Pradesh","Hardoi","Mallawan","Harriya Sahimpur","253.0","253.0","74.0","0.0","202.0","276.0","40.0","170.0","30.0","0.0","140.0","170.0","14.0"
"2015-2016","Punjab","Ropar","Nurpur Bedi","Kheri","87.0","87.0","85.0","0.0","175.0","260.0","129.0","24.0","43.0","0.0","71.0","114.0","74.0"
"2015-2016","Maharashtra","Aurangabad","Vaijapur","Nalegaon","489.0","489.0","272.0","36.0","1337.0","1645.0","756.0","205.0","112.0","2.0","168.0","282.0","125.0"
"2018-2019","Jammu And Kashmir","Badgam","Rathsun","Bona Makahama","396.0","390.0","0.0","0.0","918.0","918.0","358.0","327.0","0.0","0.0","491.0","491.0","138.0"
"2015-2016","Haryana","Hisar","Barwala","Nayagaon","202.0","202.0","397.0","0.0","220.0","617.0","288.0","139.0","211.0","0.0","97.0","308.0","169.0"
"2020-2021","Maharashtra","Nanded","Umri","Dholumri","358.0","347.0","163.0","178.0","730.0","1071.0","524.0","94.0","50.0","32.0","143.0","225.0","110.0"
"2020-2021","Tamil Nadu","Kallakurichi","Kallakurichi","Porpadakurichi","748.0","748.0","790.0","5.0","880.0","1675.0","918.0","662.0","576.0","3.0","653.0","1232.0","778.0"
"2017-2018","Uttarakhand","Pauri Garhwal","Ekeshwar","Simar","70.0","70.0","1.0","0.0","145.0","146.0","72.0","68.0","1.0","0.0","107.0","108.0","52.0"
"2019-2020","Uttar Pradesh","Hamirpur","Kurara","Pachkhura","373.0","371.0","0.0","0.0","0.0","0.0","0.0","229.0","0.0","0.0","0.0","0.0","0.0"
"2019-2020","Bihar","Gaya","Fatehpur","Bara","1192.0","1096.0","703.0","0.0","764.0","1467.0","731.0","427.0","377.0","0.0","471.0","848.0","482.0"
"2017-2018","Tamil Nadu","Tiruvannamalai","Thellar","Korakottai","450.0","449.0","204.0","8.0","484.0","696.0","453.0","444.0","137.0","6.0","317.0","460.0","375.0"
"2023-2024","Uttar Pradesh","Sambhal","Bahjoi","Dhatra Skekh","224.0","224.0","141.0","0.0","222.0","363.0","100.0","168.0","95.0","0.0","176.0","271.0","68.0"
"2014-2015","Uttar Pradesh","Barabanki","Masauli","Damaura","289.0","289.0","261.0","2.0","347.0","610.0","206.0","174.0","170.0","1.0","257.0","428.0","134.0"
"2014-2015","Madhya Pradesh","Tikamgarh","Prithvipur","Pahadi Bakshi","243.0","243.0","180.0","116.0","483.0","779.0","343.0","174.0","157.0","101.0","433.0","691.0","303.0"
"2019-2020","Maharashtra","Thane","Shahapur","Kharid","189.0","184.0","15.0","75.0","486.0","576.0","283.0","34.0","0.0","7.0","77.0","84.0","40.0"
"2021-2022","Punjab","Ropar","Rupnagar","Khawas Pura","155.0","155.0","117.0","0.0","74.0","191.0","93.0","106.0","74.0","0.0","37.0","111.0","71.0"
"2020-2021","Meghalaya","East Garo Hills","Dambo Rongjeng","Gabil Tekra Apal (Tekragittim Gabil)","41.0","40.0","0.0","95.0","0.0","95.0","49.0","21.0","0.0","91.0","0.0","91.0","47.0"
"2017-2018","Madhya Pradesh","Chhatarpur","Rajnagar","Kabar","402.0","397.0","79.0","391.0","640.0","1110.0","457.0","248.0","46.0","216.0","412.0","674.0","272.0"
"2016-2017","Himachal Pradesh","Sirmaur","Shilai","Rast","328.0","326.0","358.0","0.0","448.0","806.0","323.0","259.0","144.0","0.0","195.0","339.0","134.0"
"2019-2020","Rajasthan","Dausa","Bandikui","Keeratpura","599.0","576.0","0.0","0.0","0.0","0.0","0.0","0.0","0.0","0.0","0.0","0.0","0.0"
"2020-2021","Andhra Pradesh","Srikakulam","Laveru","Gurralapalem","252.0","252.0","74.0","4.0","323.0","401.0","179.0","169.0","65.0","4.0","274.0","343.0","155.0"
"2022-2023","Odisha","Dhenkanal","Dhenkanal Sadar","Baladiabandha","1068.0","1067.0","334.0","369.0","972.0","1675.0","848.0","987.0","313.0","343.0","920.0","1576.0","808.0"
"2021-2022","Gujarat","Rajkot","Dhoraji                                           ","Velariya","25.0","25.0","0.0","0.0","66.0","66.0","30.0","4.0","0.0","0.0","6.0","6.0","2.0"
"2019-2020","Bihar","Siwan","Pachrukhi","Ukhaeen","1532.0","1506.0","169.0","24.0","2280.0","2473.0","1159.0","419.0","3.0","2.0","734.0","739.0","402.0"
"2022-2023","Uttar Pradesh","Rampur","Shahabad","Dhuryayi","112.0","112.0","119.0","0.0","45.0","164.0","36.0","86.0","85.0","0.0","32.0","117.0","29.0"
"2020-2021","Uttarakhand","Pauri Garhwal","Pauri","Bada","112.0","110.0","49.0","0.0","126.0","175.0","114.0","104.0","37.0","0.0","98.0","135.0","95.0"
"2021-2022","Madhya Pradesh","Bhopal","Phanda","Naronhasankal","81.0","81.0","34.0","24.0","138.0","196.0","90.0","49.0","19.0","9.0","82.0","110.0","49.0"
"2020-2021","Madhya Pradesh","Morena","Joura","Silaytha","411.0","391.0","160.0","0.0","570.0","730.0","273.0","281.0","122.0","0.0","468.0","590.0","224.0"
"2015-2016","Tamil Nadu","Dharmapuri","Nallampalli","Konangihalli","1195.0","1181.0","217.0","0.0","1479.0","1696.0","1523.0","1046.0","190.0","0.0","1290.0","1480.0","1377.0"
"2019-2020","Gujarat","Sabar Kantha","Khedbrahma","Chikhala","361.0","354.0","30.0","665.0","663.0","1358.0","667.0","254.0","15.0","327.0","408.0","750.0","371.0"
"2019-2020","Odisha","Kalahandi","Dharamagarh","Badfurla","784.0","760.0","0.0","0.0","0.0","0.0","0.0","521.0","0.0","0.0","0.0","0.0","0.0"
"2018-2019","Rajasthan","Alwar","Tijara","रभाना","190.0","173.0","84.0","0.0","381.0","465.0","231.0","61.0","20.0","0.0","95.0","115.0","74.0"
"2023-2024","Uttar Pradesh","Shamli","Kandhla","Chadav","117.0","106.0","35.0","0.0","112.0","147.0","51.0","72.0","26.0","0.0","64.0","90.0","29.0"
"2018-2019","Maharashtra","Jalna","Ambad","Dhudhpuri","278.0","225.0","23.0","4.0","807.0","834.0","371.0","140.0","5.0","0.0","180.0","185.0","70.0"
"2017-2018","Jharkhand","Dumka","Gopikander","Taynjor","1183.0","1181.0","42.0","2100.0","449.0","2591.0","1128.0","424.0","11.0","512.0","168.0","691.0","289.0"
"2020-2021","Punjab","Patiala","Bhuner Heri","Punian Khana (Guni Majra)","150.0","150.0","68.0","0.0","140.0","208.0","117.0","113.0","47.0","0.0","98.0","145.0","101.0"
"2014-2015","Gujarat","Ahmadabad","Datroj                                            ","Shihor","188.0","188.0","30.0","41.0","401.0","472.0","163.0","9.0","0.0","2.0","30.0","32.0","12.0"
"2021-2022","Uttar Pradesh","Prayagraj","Bahria","मलाकामय भैसाही","281.0","242.0","142.0","0.0","141.0","283.0","87.0","173.0","99.0","0.0","91.0","190.0","55.0"
"2020-2021","Uttar Pradesh","Gonda","Mujehana","Dulhapur Bankat","814.0","530.0","125.0","1.0","599.0","725.0","374.0","346.0","26.0","0.0","95.0","121.0","72.0"
"2016-2017","Uttar Pradesh","Bijnor","Najibabad","Girdava Sahanpur","2.0","0.0","198.0","0.0","22.0","220.0","107.0","0.0","173.0","0.0","13.0","186.0","84.0"
"2022-2023","Bihar","Munger","Dharhara","Amari","1307.0","1299.0","153.0","28.0","1514.0","1695.0","748.0","958.0","83.0","23.0","1037.0","1143.0","528.0"
"2017-2018","West Bengal","Purba Medinipur","Deshapran","Chalti","3099.0","3097.0","200.0","2.0","8989.0","9191.0","4242.0","2365.0","100.0","0.0","3158.0","3258.0","1445.0"
"2020-2021","Odisha","Deogarh","Reamal","Tinkbir","1062.0","1059.0","269.0","913.0","2164.0","3346.0","1589.0","842.0","168.0","658.0","1591.0","2417.0","1185.0"
"2016-2017","Chhattisgarh","Bilaspur","Takhatpur","Shighanpuri","326.0","212.0","31.0","78.0","788.0","897.0","422.0","25.0","23.0","63.0","633.0","719.0","340.0"
"2022-2023","West Bengal","Purba Bardhaman","Manteswar","Baghason","4916.0","4916.0","3006.0","7.0","6324.0","9337.0","4228.0","4719.0","1848.0","6.0","3847.0","5701.0","2038.0"
"2021-2022","Maharashtra","Nashik","Trimbakeshwar","Somnathnagar","256.0","256.0","1.0","383.0","281.0","665.0","275.0","73.0","1.0","79.0","59.0","139.0","39.0"
"2014-2015","Maharashtra","Buldhana","Buldana","Hatedi Bk.","370.0","370.0","120.0","7.0","1389.0","1516.0","613.0","54.0","8.0","0.0","89.0","97.0","48.0"
"2015-2016","Assam","Chirang","Sidli-Chirang","Santipur","2310.0","2005.0","25.0","5593.0","2018.0","7636.0","3629.0","1295.0","13.0","2854.0","825.0","3692.0","1826.0"
"2019-2020","Uttar Pradesh","Balrampur","Tulsipur","Lauka Hawa","188.0","188.0","49.0","0.0","203.0","252.0","78.0","86.0","4.0","0.0","69.0","73.0","32.0"
"2015-2016","Uttar Pradesh","Bareilly","Mirganj","Pahucha Bujarg","176.0","176.0","15.0","0.0","537.0","552.0","96.0","52.0","7.0","0.0","360.0","367.0","68.0"
"2016-2017","Maharashtra","Parbhani","Purna","Degaon Te","384.0","384.0","256.0","7.0","1248.0","1511.0","616.0","196.0","63.0","3.0","566.0","632.0","252.0"
"2014-2015","Telangana","Karimnagar","Mahadevpur","Neelampally","189.0","189.0","67.0","509.0","4.0","580.0","301.0","16.0","12.0","209.0","2.0","223.0","105.0"
"2014-2015","Uttar Pradesh","Pratapgarh","Kunda","Malaka Rajak Pur","206.0","204.0","235.0","0.0","621.0","856.0","275.0","77.0","83.0","0.0","189.0","272.0","65.0"
"2020-2021","Rajasthan","Jhalawar","Khanpur","तारज","851.0","766.0","673.0","103.0","566.0","1342.0","684.0","539.0","418.0","33.0","277.0","728.0","458.0"
"2018-2019","Uttar Pradesh","Moradabad","Chhajlet","Khalilpur Kaddim","268.0","263.0","75.0","0.0","411.0","486.0","191.0","187.0","33.0","0.0","194.0","227.0","57.0"
"2022-2023","Punjab","Gurdaspur","Srihargobind Pur","Pinda Roori","81.0","81.0","26.0","0.0","73.0","99.0","56.0","64.0","13.0","0.0","61.0","74.0","45.0"
"2015-2016","Uttar Pradesh","Kaushambi","Kaushambi","Bhatwariya","260.0","256.0","195.0","0.0","471.0","666.0","260.0","136.0","129.0","0.0","377.0","506.0","206.0"
"2021-2022","Tamil Nadu","Erode","Gobichettipalayam","Nathipalayam","394.0","381.0","220.0","0.0","418.0","638.0","369.0","275.0","127.0","0.0","159.0","286.0","221.0"
"2014-2015","Andhra Pradesh","Anantapur","Puttaparthi","Eragarajupalle","200.0","200.0","36.0","0.0","292.0","328.0","154.0","102.0","34.0","0.0","250.0","284.0","134.0"
"2017-2018","Uttar Pradesh","Sant Kabeer Nagar","Pauli","Khaira","356.0","351.0","163.0","8.0","511.0","682.0","374.0","275.0","131.0","8.0","385.0","524.0","302.0"
"2015-2016","Rajasthan","Alwar","Kishangarhbas","घमुकड़","786.0","774.0","0.0","0.0","0.0","0.0","0.0","326.0","0.0","0.0","0.0","0.0","0.0"
"2021-2022","Maharashtra","Nashik","Igatpuri","Takedhote","154.0","153.0","23.0","31.0","280.0","334.0","132.0","7.0","11.0","0.0","73.0","84.0","31.0"
"2014-2015","Telangana","Nizamabad","Lingampet","Jaldipally","448.0","448.0","117.0","83.0","1044.0","1244.0","636.0","356.0","82.0","70.0","690.0","842.0","438.0"
"2020-2021","Uttar Pradesh","Azamgarh","Koilsa","Katohee","209.0","159.0","0.0","0.0","0.0","0.0","0.0","63.0","0.0","0.0","0.0","0.0","0.0"
"2023-2024","Telangana","Sangareddy","Munipalli","Loni Kurdu(Pillodi)","289.0","289.0","187.0","0.0","315.0","502.0","246.0","180.0","149.0","0.0","170.0","319.0","161.0"
"2018-2019","Maharashtra","Nanded","Bhokar","Ravangaon","176.0","175.0","228.0","14.0","461.0","703.0","339.0","48.0","36.0","1.0","26.0","63.0","28.0"
"2015-2016","Andhra Pradesh","Visakhapatanam","Pedabayalu","Arada Kota","590.0","590.0","0.0","1126.0","0.0","1126.0","577.0","434.0","0.0","1038.0","0.0","1038.0","533.0"
"2021-2022","Andhra Pradesh","West Godavari","Unguturu","Venkatadriapparaopuram","344.0","344.0","233.0","5.0","260.0","498.0","187.0","241.0","203.0","5.0","210.0","418.0","154.0"
"2020-2021","Manipur","Churachandpur","Saikot","M.Shimuol","47.0","47.0","0.0","63.0","0.0","63.0","27.0","47.0","0.0","40.0","0.0","40.0","13.0"
"2021-2022","Madhya Pradesh","Narmadapuram","Sohagpur","Akola","226.0","196.0","70.0","111.0","276.0","457.0","174.0","109.0","34.0","52.0","67.0","153.0","62.0"
"2017-2018","Odisha","Khordha","Khordha","Nijigarh Tapanga","743.0","742.0","16.0","38.0","641.0","695.0","276.0","186.0","14.0","34.0","482.0","530.0","200.0"
"2020-2021","Maharashtra","Palghar","Dahanu","Charoti","495.0","495.0","5.0","962.0","688.0","1655.0","858.0","78.0","2.0","88.0","81.0","171.0","80.0"
"2019-2020","Uttar Pradesh","Amethi","Gauriganj","Gulalpur","203.0","193.0","0.0","0.0","0.0","0.0","0.0","125.0","0.0","0.0","0.0","0.0","0.0"
"2015-2016","Tamil Nadu","Vellore","Anaicut","Karungali","502.0","497.0","169.0","0.0","452.0","621.0","347.0","492.0","111.0","0.0","338.0","449.0","280.0"
"2023-2024","Jharkhand","Saraikela Kharsawan","Kharsawan","Jordiha","2343.0","2343.0","724.0","811.0","2391.0","3926.0","2010.0","1297.0","339.0","344.0","1334.0","2017.0","1036.0"
"2016-2017","Manipur","Senapati","Saikul","Moulhoi","26.0","26.0","0.0","53.0","0.0","53.0","26.0","26.0","0.0","22.0","0.0","22.0","12.0"
"2022-2023","Punjab","Gurdaspur","Dera Baba Nanak","Chak Mehman","108.0","101.0","0.0","0.0","117.0","117.0","33.0","71.0","0.0","0.0","75.0","75.0","24.0"
"2015-2016","Chhattisgarh","Balrampur","Kusami","Idarikala","292.0","292.0","4.0","217.0","139.0","360.0","176.0","194.0","4.0","211.0","130.0","345.0","169.0"
"2019-2020","Maharashtra","Pune","Bhor","Basrapur","53.0","49.0","0.0","0.0","176.0","176.0","89.0","1.0","0.0","0.0","9.0","9.0","4.0"
"2014-2015","Uttar Pradesh","Saharanpur","Muzaffarabad","Chudpurkalan","160.0","160.0","87.0","0.0","140.0","227.0","83.0","72.0","75.0","0.0","110.0","185.0","74.0"
"2019-2020","Telangana","Nizamabad","Bheemgal","Rahat Nagar","296.0","296.0","3.0","535.0","65.0","603.0","378.0","267.0","1.0","365.0","38.0","404.0","311.0"
"2021-2022","Telangana","Vikarabad","Tandur","Kothlapur Khurd","383.0","383.0","102.0","47.0","590.0","739.0","386.0","214.0","35.0","22.0","226.0","283.0","180.0"
"2018-2019","Telangana","Wanaparthy","Pangal","Thellarallapalle","1220.0","1220.0","72.0","1708.0","1030.0","2810.0","1346.0","548.0","21.0","485.0","495.0","1001.0","556.0"
"2022-2023","Uttar Pradesh","Budaun","Asafpur","Kalra Wala","296.0","295.0","35.0","0.0","303.0","338.0","83.0","209.0","20.0","0.0","200.0","220.0","52.0"
"2016-2017","Maharashtra","Jalna","Jalna","Mohadi","238.0","238.0","0.0","0.0","1371.0","1371.0","620.0","106.0","0.0","0.0","631.0","631.0","276.0"
"2022-2023","Himachal Pradesh","Una","Bangana","Thana Kalan","608.0","608.0","330.0","2.0","701.0","1033.0","541.0","465.0","206.0","1.0","445.0","652.0","369.0"
"2021-2022","Uttar Pradesh","Basti","Harraiya","Saraiya Tiwari","415.0","384.0","86.0","0.0","329.0","415.0","185.0","230.0","58.0","0.0","194.0","252.0","127.0"
"2019-2020","Madhya Pradesh","Shajapur","Shajapur","Akya","206.0","206.0","83.0","4.0","104.0","191.0","72.0","68.0","81.0","2.0","102.0","185.0","70.0"
"2017-2018","Punjab","Kapurthala","Phagwara","Gujratan","39.0","35.0","78.0","0.0","6.0","84.0","59.0","28.0","56.0","0.0","4.0","60.0","47.0"
"2019-2020","Uttar Pradesh","Agra","Barauli Ahir","Mahua Kheda","139.0","139.0","92.0","1.0","84.0","177.0","78.0","15.0","61.0","0.0","54.0","115.0","52.0"
"2020-2021","Uttar Pradesh","Pratapgarh","Lakshamanpur","Majhvara","194.0","180.0","123.0","1.0","349.0","473.0","277.0","120.0","64.0","1.0","241.0","306.0","192.0"
"2016-2017","Andhra Pradesh","Guntur","Nadendla","Chirumamilla","879.0","879.0","627.0","139.0","759.0","1525.0","748.0","505.0","577.0","130.0","562.0","1269.0","627.0"
"2014-2015","Telangana","Karimnagar","Ibrahimpatnam","Dabba","612.0","612.0","209.0","131.0","649.0","989.0","603.0","170.0","89.0","62.0","234.0","385.0","344.0"
"2016-2017","Manipur","Churachandpur","Tuiboung","M. Ramthar","130.0","130.0","0.0","212.0","1.0","213.0","111.0","130.0","0.0","150.0","1.0","151.0","73.0"
"2016-2017","Telangana","Nizamabad","Velpur","Pochampalle","343.0","343.0","168.0","0.0","385.0","553.0","284.0","190.0","103.0","0.0","182.0","285.0","188.0"
"2017-2018","Uttar Pradesh","Meerut","Sardhana","Madhiyaee","48.0","47.0","6.0","0.0","46.0","52.0","17.0","13.0","4.0","0.0","13.0","17.0","4.0"
"2016-2017","Uttar Pradesh","Sonbhadra","Ghorawal","Dhanaval","72.0","72.0","0.0","0.0","0.0","0.0","0.0","49.0","0.0","0.0","0.0","0.0","0.0"
"2019-2020","Meghalaya","East Garo Hills","Dambo Rongjeng","Dagal Nokat","47.0","47.0","0.0","289.0","2.0","291.0","161.0","46.0","0.0","250.0","2.0","252.0","138.0"
"2018-2019","Haryana","Kaithal","Siwan","Pabsar","78.0","78.0","82.0","0.0","164.0","246.0","158.0","19.0","66.0","0.0","107.0","173.0","114.0"
"2015-2016","Madhya Pradesh","Chhatarpur","Rajnagar","Daharra","223.0","220.0","21.0","16.0","707.0","744.0","306.0","75.0","15.0","11.0","479.0","505.0","226.0"
"2018-2019","Tamil Nadu","Villupuram","Sankarapuram","Nedumanur","663.0","660.0","482.0","0.0","917.0","1399.0","903.0","634.0","319.0","0.0","679.0","998.0","693.0"
"2017-2018","Karnataka","Udupi","Karkal","Moodaru","404.0","404.0","330.0","61.0","1980.0","2371.0","1304.0","143.0","80.0","11.0","512.0","603.0","328.0"
"2022-2023","Telangana","Nizamabad","Dich Palle","Mullangi","442.0","442.0","154.0","7.0","773.0","934.0","519.0","279.0","77.0","4.0","320.0","401.0","268.0"
"2014-2015","West Bengal","24 Parganas (North)","Minakha","Champali","3693.0","3692.0","909.0","1211.0","5575.0","7695.0","2869.0","2004.0","292.0","515.0","2351.0","3158.0","1302.0"
"2023-2024","Meghalaya","West Khasi Hills","Nongstoin","Mawphansyiar","109.0","109.0","0.0","0.0","0.0","0.0","0.0","109.0","0.0","0.0","0.0","0.0","0.0"
"2021-2022","Madhya Pradesh","Damoh","Hatta","Bandha","297.0","297.0","86.0","132.0","301.0","519.0","209.0","213.0","51.0","66.0","206.0","323.0","132.0"
"2016-2017","Punjab","Amritsar","Ajnala-1","Sanguana","28.0","28.0","15.0","0.0","57.0","72.0","15.0","9.0","11.0","0.0","36.0","47.0","15.0"
"2023-2024","Madhya Pradesh","Raisen","Gairatganj","Tekapar Khodi","503.0","447.0","231.0","186.0","516.0","933.0","375.0","404.0","197.0","156.0","424.0","777.0","330.0"
"2020-2021","Maharashtra","Palghar","Vikramgad","Deherje","541.0","516.0","8.0","1685.0","119.0","1812.0","965.0","315.0","2.0","785.0","34.0","821.0","480.0"
"2014-2015","Odisha","Ganjam","Digapahandi","Basudevpur","860.0","860.0","168.0","74.0","667.0","909.0","436.0","356.0","152.0","69.0","569.0","790.0","384.0"
"2020-2021","Gujarat","Rajkot","Jetpur                                            ","Amarpar","124.0","124.0","13.0","0.0","300.0","313.0","149.0","65.0","2.0","0.0","93.0","95.0","54.0"
"2016-2017","Uttar Pradesh","Chandauli","Sakaldiha","Dudauli","227.0","224.0","110.0","0.0","243.0","353.0","98.0","133.0","81.0","0.0","184.0","265.0","71.0"
"2021-2022","Uttar Pradesh","Barabanki","Sirauli Gauspur","Mohideenpur","406.0","406.0","0.0","0.0","0.0","0.0","0.0","226.0","0.0","0.0","0.0","0.0","0.0"
"2016-2017","Uttar Pradesh","Kushi Nagar","Tamkuhiraj","Senduriya","211.0","208.0","70.0","0.0","337.0","407.0","125.0","120.0","38.0","0.0","203.0","241.0","66.0"
"2015-2016","Uttar Pradesh","Ayodhya","Maya Bazar","Baihari","385.0","385.0","50.0","2.0","191.0","243.0","90.0","147.0","36.0","2.0","131.0","169.0","67.0"
"2020-2021","Uttar Pradesh","Gorakhpur","Gola","Bharroh","259.0","252.0","66.0","0.0","164.0","230.0","46.0","128.0","43.0","0.0","109.0","152.0","24.0"
"2016-2017","Maharashtra","Osmanabad","Omerga","Naik Nagar","81.0","80.0","0.0","0.0","315.0","315.0","149.0","0.0","0.0","0.0","5.0","5.0","1.0"
"2019-2020","Chhattisgarh","Kondagaon","Kondagaon","Sitli","196.0","193.0","0.0","0.0","0.0","0.0","0.0","168.0","0.0","0.0","0.0","0.0","0.0"
"2021-2022","Meghalaya","East Khasi Hills","Mawryngkneng","Mawshabuit-Lumjingsuk","126.0","126.0","0.0","0.0","0.0","0.0","0.0","120.0","0.0","0.0","0.0","0.0","0.0"
"2015-2016","Madhya Pradesh","Alirajpur","Jobat","Khutaja","539.0","538.0","341.0","1066.0","48.0","1455.0","663.0","352.0","265.0","765.0","35.0","1065.0","472.0"
"2018-2019","Maharashtra","Nashik","Nandgaon","Hingane Dahere","146.0","134.0","17.0","19.0","383.0","419.0","154.0","40.0","3.0","3.0","70.0","76.0","17.0"
"2019-2020","Maharashtra","Osmanabad","Tuljapur","Andur","1771.0","1604.0","546.0","2.0","4425.0","4973.0","2297.0","152.0","68.0","0.0","165.0","233.0","101.0"
"2020-2021","Maharashtra","Kolhapur","Gadhinglaj","Jambhulwadi","89.0","89.0","26.0","0.0","85.0","111.0","62.0","23.0","6.0","0.0","11.0","17.0","10.0"
"2016-2017","Maharashtra","Akola","Akot","Punda","321.0","320.0","272.0","53.0","746.0","1071.0","456.0","27.0","77.0","15.0","187.0","279.0","102.0"
"2021-2022","Rajasthan","Jodhpur","Lohavat","Ramdev Nagar","521.0","508.0","0.0","0.0","0.0","0.0","0.0","353.0","0.0","0.0","0.0","0.0","0.0"
"2021-2022","Uttarakhand","Pithoragarh","Munsyari","Golfa","89.0","89.0","9.0","4.0","206.0","219.0","106.0","80.0","8.0","4.0","163.0","175.0","79.0"
"2018-2019","Chhattisgarh","Kawardha","Bodla","Bokkarkhar","333.0","333.0","2.0","1080.0","298.0","1380.0","716.0","330.0","2.0","1023.0","285.0","1310.0","675.0"
"2022-2023","Assam","Dibrugarh","Panitola","Balijan","2325.0","2325.0","287.0","79.0","2753.0","3119.0","1303.0","1836.0","244.0","68.0","1802.0","2114.0","855.0"
"2023-2024","Maharashtra","Latur","Deoni","Jawalga","1459.0","1449.0","275.0","2.0","2714.0","2991.0","1235.0","515.0","73.0","0.0","803.0","876.0","339.0"
"2014-2015","Uttar Pradesh","Agra","Jaitpur Kalan","Parana","324.0","318.0","88.0","1.0","463.0","552.0","167.0","101.0","60.0","1.0","374.0","435.0","130.0"
"2014-2015","Maharashtra","Sindhudurg","Devgad","Aare","218.0","218.0","123.0","1.0","513.0","637.0","301.0","148.0","55.0","0.0","243.0","298.0","127.0"
"2015-2016","Gujarat","Surat","Chorasi","Bhesan","67.0","67.0","0.0","19.0","149.0","168.0","81.0","0.0","0.0","0.0","0.0","0.0","0.0"
"2016-2017","West Bengal","Dinajpur Uttar","Karandighi","Rasakhow-Ii","6629.0","6625.0","1955.0","299.0","6176.0","8430.0","3731.0","1822.0","864.0","114.0","3042.0","4020.0","1849.0"
"2019-2020","Maharashtra","Amravati","Achalpur","Hiwra Purna","184.0","184.0","30.0","2.0","492.0","524.0","242.0","86.0","0.0","0.0","159.0","159.0","69.0"
"2017-2018","Andhra Pradesh","Anantapur","Guntakal","Chintalampalli","340.0","340.0","110.0","4.0","530.0","644.0","331.0","247.0","106.0","4.0","498.0","608.0","307.0"
"2018-2019","Chhattisgarh","Bemetara","Berla","Sorla","0.0","0.0","0.0","0.0","0.0","0.0","0.0","0.0","0.0","0.0","0.0","0.0","0.0"
"2017-2018","Meghalaya","East Khasi Hills","Mylliem","Lawsohtun","532.0","532.0","0.0","0.0","0.0","0.0","0.0","484.0","0.0","0.0","0.0","0.0","0.0"
"2021-2022","Uttar Pradesh","Etawah","Jaswantnagar","Bhataora","246.0","238.0","111.0","0.0","149.0","260.0","48.0","187.0","89.0","0.0","119.0","208.0","34.0"
"2019-2020","Meghalaya","West Garo Hills","Tikrikilla","Upper Watregre","166.0","166.0","0.0","850.0","16.0","866.0","436.0","165.0","0.0","592.0","16.0","608.0","272.0"
"2017-2018","Gujarat","Gandhinagar","Mansa                                             ","Varsoda","207.0","207.0","29.0","6.0","518.0","553.0","229.0","162.0","15.0","0.0","150.0","165.0","82.0"
"2015-2016","Madhya Pradesh","Harda ","Khirkiya","Badnagar","202.0","202.0","24.0","72.0","3.0","99.0","41.0","47.0","19.0","54.0","3.0","76.0","36.0"
"2020-2021","Karnataka","Haveri","Shiggaon","Sishuvinal","753.0","753.0","188.0","186.0","1528.0","1902.0","852.0","218.0","41.0","55.0","316.0","412.0","188.0"
"2014-2015","Uttar Pradesh","Rae Bareli","Deenshah Gaura","Kalyanpur Baiti","295.0","295.0","128.0","3.0","579.0","710.0","198.0","324.0","57.0","1.0","267.0","325.0","110.0"
"2016-2017","Uttar Pradesh","Jaunpur","Dobhi","Ailiya","133.0","115.0","121.0","0.0","59.0","180.0","72.0","47.0","70.0","0.0","23.0","93.0","38.0"
"2014-2015","Tripura","Gomati","Killa","Joingbari","410.0","410.0","1.0","852.0","18.0","871.0","485.0","393.0","1.0","766.0","14.0","781.0","442.0"
"2014-2015","Nagaland","Zunheboto","Akuhaito","Philimi","305.0","305.0","0.0","622.0","0.0","622.0","289.0","305.0","0.0","325.0","0.0","325.0","151.0"
"2023-2024","Tamil Nadu","Villupuram","Mailam","Pampoondi","355.0","355.0","152.0","0.0","360.0","512.0","357.0","313.0","98.0","0.0","240.0","338.0","285.0"
"2017-2018","Maharashtra","Chandrapur","Chimur","Shivapur","296.0","283.0","191.0","473.0","215.0","879.0","408.0","209.0","99.0","247.0","95.0","441.0","234.0"
"2019-2020","Maharashtra","Sindhudurg","Devgad","Palekarwadi","148.0","134.0","0.0","0.0","413.0","413.0","171.0","49.0","0.0","0.0","107.0","107.0","30.0"
"2014-2015","Manipur","Churachandpur","Samulamlan","Patjang","30.0","30.0","0.0","29.0","1.0","30.0","12.0","30.0","0.0","29.0","1.0","30.0","12.0"
"2015-2016","Madhya Pradesh","Shahdol","Jaisinghnagar","Ghorsa","462.0","462.0","414.0","164.0","428.0","1006.0","478.0","297.0","349.0","141.0","317.0","807.0","400.0"
"2016-2017","Uttar Pradesh","Mau","Fatehpur Madaun","Belagdayan Patti","356.0","332.0","132.0","2.0","533.0","667.0","260.0","172.0","60.0","0.0","322.0","382.0","175.0"
"2022-2023","Odisha","Ganjam","Kabisuryanagar","Baunsia","1077.0","1077.0","124.0","19.0","1592.0","1735.0","964.0","1066.0","107.0","19.0","1449.0","1575.0","869.0"
"2018-2019","Haryana","Rewari","Rewari","Dabri","105.0","105.0","223.0","0.0","69.0","292.0","123.0","0.0","104.0","0.0","54.0","158.0","79.0"
"2017-2018","Uttar Pradesh","Deoria","Gauri Bazar","Gopal Pur","295.0","230.0","22.0","54.0","279.0","355.0","112.0","86.0","8.0","14.0","123.0","145.0","49.0"
"2018-2019","Uttar Pradesh","Pratapgarh","Pratapgarh (Sadar)","Pureraiju","218.0","195.0","89.0","0.0","245.0","334.0","142.0","96.0","54.0","0.0","171.0","225.0","103.0"
"2020-2021","Uttar Pradesh","Ambedkar Nagar","Ram Nagar","Dhanukara","299.0","274.0","86.0","0.0","197.0","283.0","101.0","237.0","81.0","0.0","161.0","242.0","89.0"
"2015-2016","Telangana","Mahbubnagar","Amrabad","Padra","2165.0","2165.0","1288.0","922.0","2667.0","4877.0","2411.0","438.0","94.0","173.0","711.0","978.0","524.0"
"2017-2018","Tamil Nadu","Dindigul","Natham","Kottaiyur","1193.0","1186.0","126.0","0.0","1718.0","1844.0","1280.0","959.0","56.0","0.0","1015.0","1071.0","891.0"
"2022-2023","Uttar Pradesh","Ambedkar Nagar","Tanda","Ismailpur Beldaha","221.0","221.0","205.0","0.0","98.0","303.0","119.0","163.0","169.0","0.0","76.0","245.0","97.0"
"2019-2020","Maharashtra","Parbhani","Pathri","Takalgavan","329.0","314.0","27.0","0.0","1122.0","1149.0","509.0","66.0","1.0","0.0","282.0","283.0","98.0"
"2020-2021","Himachal Pradesh","Shimla","Rohru","Jagothi","210.0","209.0","165.0","0.0","711.0","876.0","388.0","262.0","107.0","0.0","410.0","517.0","244.0"
"2019-2020","Chhattisgarh","Baloda Bazar","Bhatapara","Rajadhar","260.0","257.0","425.0","214.0","586.0","1225.0","602.0","195.0","372.0","185.0","496.0","1053.0","527.0"
"2016-2017","Rajasthan","Jaipur","Pawta","मण्ढ+ा","535.0","535.0","308.0","69.0","913.0","1290.0","639.0","161.0","164.0","23.0","303.0","490.0","341.0"
"2020-2021","Uttar Pradesh","Hamirpur","Sumerpur","Chani Bujurg","554.0","530.0","137.0","0.0","747.0","884.0","382.0","251.0","52.0","0.0","408.0","460.0","210.0"
"2019-2020","Madhya Pradesh","Dewas","Bagli","Bijjukheda","259.0","259.0","93.0","66.0","469.0","628.0","271.0","209.0","70.0","56.0","388.0","514.0","226.0"
"2023-2024","Gujarat","Amreli","Lathi                                             ","Malaviya Pipariya","205.0","184.0","69.0","5.0","461.0","535.0","238.0","94.0","27.0","3.0","128.0","158.0","67.0"
"2022-2023","Tripura","Unakoti","Kumarghat","Demdum","354.0","339.0","0.0","660.0","24.0","684.0","340.0","334.0","0.0","597.0","24.0","621.0","302.0"
"2015-2016","Uttar Pradesh","Kushi Nagar","Padrauna","Jangal Amava Gayghat","367.0","363.0","68.0","0.0","580.0","648.0","233.0","112.0","26.0","0.0","236.0","262.0","96.0"
"2016-2017","Uttar Pradesh","Ambedkar Nagar","Baskhari","Sonhan","147.0","145.0","0.0","0.0","0.0","0.0","0.0","112.0","0.0","0.0","0.0","0.0","0.0"
"2014-2015","Madhya Pradesh","Damoh","Jabera","Karanpura","276.0","274.0","86.0","408.0","243.0","737.0","327.0","181.0","64.0","299.0","157.0","520.0","214.0"
"2015-2016","Maharashtra","Aurangabad","Sillod","Khatkheda","246.0","246.0","59.0","0.0","446.0","505.0","208.0","0.0","9.0","0.0","98.0","107.0","46.0"
"2015-2016","Madhya Pradesh","Jabalpur","Shahpura","Kohla","408.0","408.0","394.0","171.0","200.0","765.0","328.0","198.0","307.0","140.0","154.0","601.0","257.0"
"2020-2021","Andhra Pradesh","Vizianagaram","Gurla","Atchutapuram","258.0","258.0","4.0","0.0","296.0","300.0","159.0","143.0","4.0","0.0","200.0","204.0","111.0"
"2018-2019","Uttar Pradesh","Gorakhpur","Pipraich","Matihaniya Somali","303.0","292.0","110.0","0.0","340.0","450.0","128.0","98.0","68.0","0.0","222.0","290.0","87.0"
"2021-2022","Madhya Pradesh","Datia","Bhander","Madhopura","139.0","131.0","57.0","0.0","274.0","331.0","138.0","97.0","17.0","0.0","131.0","148.0","61.0"
"2023-2024","Uttarakhand","Tehri Garhwal","Bhilangna","Chothara","120.0","120.0","28.0","2.0","127.0","157.0","104.0","102.0","24.0","1.0","99.0","124.0","86.0"
"2016-2017","Madhya Pradesh","Dindori","Mehandwani","Payali","515.0","492.0","29.0","1179.0","203.0","1411.0","715.0","403.0","29.0","1128.0","194.0","1351.0","675.0"
"2023-2024","Chhattisgarh","Bastar","Darbha","Chhindawada 2","138.0","133.0","0.0","184.0","111.0","295.0","146.0","88.0","0.0","98.0","59.0","157.0","82.0"
"2018-2019","Uttar Pradesh","Moradabad","Bilari","Malehpur Sindari","217.0","213.0","143.0","0.0","186.0","329.0","78.0","161.0","94.0","0.0","107.0","201.0","51.0"
"2021-2022","Nagaland","Dimapur","Aqhunaqa","R.Hovishe","214.0","214.0","0.0","402.0","0.0","402.0","143.0","214.0","0.0","219.0","0.0","219.0","38.0"
"2020-2021","Maharashtra","Nandurbar","Nandurbar","Indri-Hatti","155.0","155.0","4.0","531.0","56.0","591.0","259.0","16.0","1.0","30.0","11.0","42.0","17.0"
"2017-2018","Uttar Pradesh","Balrampur","Balrampur","Vishuna Pur","433.0","387.0","305.0","1.0","484.0","790.0","288.0","234.0","99.0","0.0","178.0","277.0","94.0"
"2022-2023","Madhya Pradesh","Damoh","Jabera","Katangi","265.0","265.0","64.0","21.0","414.0","499.0","221.0","241.0","54.0","19.0","370.0","443.0","198.0"
"2023-2024","Uttar Pradesh","Unnao","Safipur","Jamuniha Kachha","248.0","248.0","100.0","0.0","177.0","277.0","69.0","171.0","59.0","0.0","127.0","186.0","46.0"
"2017-2018","Uttar Pradesh","Firozabad","Shikohabad","Dikhtauli","192.0","181.0","220.0","0.0","335.0","555.0","166.0","86.0","91.0","0.0","101.0","192.0","53.0"
"2019-2020","Punjab","Ludhiana","Ludhiana-2","Bora","210.0","208.0","165.0","0.0","16.0","181.0","121.0","109.0","109.0","0.0","12.0","121.0","91.0"
"2017-2018","Telangana","Rangareddy","Ibrahimpatam","Seetharampet","2.0","2.0","1.0","0.0","1.0","2.0","1.0","0.0","0.0","0.0","0.0","0.0","0.0"
"2020-2021","Gujarat","Amreli","Jafrabad                                          ","Kadiyali","594.0","585.0","159.0","43.0","1628.0","1830.0","830.0","506.0","107.0","33.0","1235.0","1375.0","617.0"
"2022-2023","Arunachal Pradesh","Lower Siang","Ramle-Banggo","Telam","96.0","93.0","0.0","275.0","0.0","275.0","145.0","93.0","0.0","100.0","0.0","100.0","47.0"
"2023-2024","Madhya Pradesh","Chhindwara","Pandhurna","Lendhori","347.0","345.0","67.0","273.0","753.0","1093.0","468.0","307.0","38.0","133.0","379.0","550.0","266.0"
"2016-2017","Andhra Pradesh","Kurnool","Nandyal","Polur","1027.0","1027.0","551.0","4.0","748.0","1303.0","703.0","304.0","426.0","2.0","275.0","703.0","393.0"
"2022-2023","Gujarat","Devbhumi Dwarka","Bhanvad                                           ","Ranpar","341.0","341.0","141.0","12.0","609.0","762.0","331.0","101.0","19.0","3.0","76.0","98.0","48.0"
"2018-2019","Karnataka","Chitradurga","Hosdurga","Srirampura","1109.0","1109.0","466.0","22.0","2656.0","3144.0","1578.0","567.0","205.0","9.0","944.0","1158.0","620.0"
"2014-2015","Punjab","Tarn Taran","Gandiwind-9","Buchar Havelian","61.0","61.0","14.0","0.0","61.0","75.0","21.0","20.0","4.0","0.0","14.0","18.0","6.0"
"2021-2022","Uttar Pradesh","Shahjahanpur","Khutar","Karhaiya","256.0","256.0","344.0","0.0","441.0","785.0","176.0","163.0","193.0","0.0","154.0","347.0","69.0"
"2018-2019","Gujarat","Banas Kantha","Dhanera","Sera","185.0","177.0","0.0","0.0","0.0","0.0","0.0","149.0","0.0","0.0","0.0","0.0","0.0"
"2021-2022","Rajasthan","Bundi","Keshoraipatan","हिगेान्या","1195.0","1141.0","802.0","1237.0","1138.0","3177.0","1447.0","896.0","496.0","622.0","582.0","1700.0","772.0"
"2022-2023","Maharashtra","Ahmednagar","Akola","Tirdhe","564.0","506.0","9.0","473.0","910.0","1392.0","662.0","92.0","2.0","47.0","84.0","133.0","48.0"
"2021-2022","Jammu And Kashmir","Baramulla","Bijhama","Salamabad B Dachina)","321.0","321.0","0.0","5.0","499.0","504.0","96.0","164.0","0.0","4.0","221.0","225.0","27.0"